GS-ID,Airport-ICAO,Airport-IATA,AirportName,AirportCity,AirportCountryCode
225677,EDDL,DUS,Dusseldorf Airport,Dusseldorf,DE
225661,EDDL,DUS,Dusseldorf Airport,Dusseldorf,DE
1014EA,CYWG,YWG,Winnipeg James Armstrong Richardson International,Winnipeg,CA
10115A,KMOT,MOT,Minot International Airport,Minot (ND),US
1024CA,CYHD,YHD,Dryden Municipal Airport,Dryden,CA
1024EA,CYXE,YXE,Saskatoon Airport,Saskatoon,CA
1024FA,CYYZ,YYZ,Pearson International Airport,Toronto,CA
10304A,CYYC,YYC,Calgary International Airport,Calgary,CA
10307A,CYOW,YOW,Ottawa/Macdonald-Cartier International Airport,Ottawa,CA
1030AA,CYYZ,YYZ,Pearson International Airport,Toronto,CA
1041CA,CYEG,YEG,Edmonton International Airport,Edmonton,CA
1044DA,CYQR,YQR,Regina Airport,Regina,CA
104D2A,CYVO,YVO,Val D Or Airport,Val D Or,CA
2CE757,CYYZ,YYZ,Pearson International Airport,Toronto,CA
10190A,KROC,ROC,Rochester Monroe County Airport,Rochester (NY),US
101C4A,KCHS,CHS,Charleston International Airport,Charleston (SC),US
104D4A,KJQF,JQF,Concord-Padgett Regional Airport,Concord (NC),US
F0469A,SBGR,GRU,Guarulhos International Airport,Sao Paulo,BR
1011DA,KTRI,TRI,Tri City Airport,Bristol/Kngsprt/Jhnsn Cty (TN),US
10126A,KCRW,CRW,Kanawha Airport,Charleston/Dunbar (WV),US
1018AA,KMDT,MDT,Harrisburg International Olmsted Field Airport,Harrisburg (PA),US
101C3A,KGSO,GSO,Greensboro High Point Winst Airport,Greensboro/High Point (NC),US
1020EA,KAGC,AGC,Allegheny County Airport,Pittsburgh (PA),US
10257A,KUNV,SCE,University Park Airport,State College (PA),US
1025EA,KSFB,SFB,Orlando Sanford Airport,Sanford (FL),US
10299A,KCHO,CHO,Charlottesville Albemarle Airport,Charlottesville (VA),US
1029BA,KFLO,FLO,Florence City County Airport,Florence (SC),US
1029CA,KLYH,LYH,Lynchburg Mun/Preston Glenn Airport,Lynchburg (VA),US
102D8A,KINT,INT,Robertson Field Airport,Winston-Salem (NC),US
10357A,KROA,ROA,Roanoke Municipal Airport,Roanoke (VA),US
1040BA,KCRW,CRW,Kanawha Airport,Charleston/Dunbar (WV),US
1041AA,KDAB,DAB,Daytona Beach Regional Airport,Daytona Beach (FL),US
1041FA,KMCO,MCO,Orlando International Airport,Orlando (FL),US
10421A,KLBE,LBE,Westmoreland/Latrobe Airport,Latrobe (PA),US
1045AA,KELM,ELM,Harris Hill Glider Port Airport,Elmira/Corning (NY),US
10499A,KMLB,MLB,Melbourne Regional Airport,Melbourne (FL),US
1049AA,KITH,ITH,Tompkins County Airport,Ithaca/Cortland (NY),US
10510A,KMCO,MCO,Orlando International Airport,Orlando (FL),US
209C77,KAGC,AGC,Allegheny County Airport,Pittsburgh (PA),US
21CAF7,KCRW,CRW,Kanawha Airport,Charleston/Dunbar (WV),US
23CDF7,KGSO,GSO,Greensboro High Point Winst Airport,Greensboro/High Point (NC),US
268DF7,KMCO,MCO,Orlando International Airport,Orlando (FL),US
268DF9,KMCO,MCO,Orlando International Airport,Orlando (FL),US
10180A,KGNV,GNV,Gainesville Regional Airport,Gainesville (FL),US
10186A,KJAX,JAX,Jacksonville International Airport,Jacksonville (FL),US
1018FA,KGSP,GSP,Greenville/Spartanburg  Airport,Greenville/Spartanburg (SC),US
10202A,KCLT,CLT,Charlotte Douglas International Airport,Charlotte (NC),US
1024DA,KSRQ,SRQ,Sarasota Bradenton Airport,Sarasota/Bradenton (FL),US
10258A,KBGM,BGM,Broome County Airport,Binghamton/Endct/Jhnsn Cty (NY),US
10282A,KAGS,AGS,Bush Field Airport,Augusta (GA),US
102A3A,KOAJ,OAJ,Albert J Ellis Airport,Jacksonville/Camp Lejeune (NC),US
102DCA,KVLD,VLD,Valdosta Regional Airport,Valdosta (GA),US
10358A,KFAY,FAY,Fayetteville Municipal Airport,Fayetteville (NC),US
10384A,KTPA,TPA,Tampa International Airport,Tampa (FL),US
10387A,KMYR,MYR,Myrtle Beach International  Airport,Myrtle Beach (SC),US
103C2A,KSAV,SAV,Savannah / Hilton Head International Air Airport,Savannah (GA),US
10451A,KCAE,CAE,Columbia Metropolitan Airport,Columbia (SC),US
10485A,KBQK,BQK,Brunswick Golden Isles Airport,Brunswick (GA),US
10493A,KPGV,PGV,Pitt Greenville Airport,Greenville (NC),US
10505A,KCLT,CLT,Charlotte Douglas International Airport,Charlotte (NC),US
11126A,KCRW,CRW,Kanawha Airport,Charleston/Dunbar (WV),US
21B297,KCLT,CLT,Charlotte Douglas International Airport,Charlotte (NC),US
21B298,KCLT,CLT,Charlotte Douglas International Airport,Charlotte (NC),US
23CE17,KGSP,GSP,Greenville/Spartanburg  Airport,Greenville/Spartanburg (SC),US
250717,KJAX,JAX,Jacksonville International Airport,Jacksonville (FL),US
2912B7,KRDU,RDU,Raleigh Durham Airport,Raleigh/Durham (NC),US
2986D7,KSAV,SAV,Savannah / Hilton Head International Air Airport,Savannah (GA),US
2986D8,KSAV,SAV,Savannah / Hilton Head International Air Airport,Savannah (GA),US
2A4038,KTPA,TPA,Tampa International Airport,Tampa (FL),US
268DF8,KMCO,MCO,Orlando International Airport,Orlando (FL),US
10107A,KORF,ORF,Norfolk International Airport,Norfolk (VA),US
10153A,KSYR,SYR,Syracuse Hancock International Airport,Syracuse (NY),US
10159A,KABE,ABE,Lehigh Valley International Airport,Allentown/Bethlehem/Easton (PA),US
1038AA,KRIC,RIC,Richmond International Aqirport Airport,Richmond (VA),US
20CA97,KART,ART,Watertown New York International Airport,Watertown (NY),US
20CA98,KART,ART,Watertown New York International Airport,Watertown (NY),US
10902A,EDDK,CGN,Koeln/Bonn Airport,Cologne,DE
1092FA,EDDF,FRA,Frankfurt International Airport,Frankfurt,DE
234825,EDDF,FRA,Frankfurt International Airport,Frankfurt,DE
234821,EDDF,FRA,Frankfurt International Airport,Frankfurt,DE
234822,EDDF,FRA,Frankfurt International Airport,Frankfurt,DE
10987A,EGSS,STN,Stansted Airport,London,GB
260F37,EGLC,LCY,London City Airport,London,GB
29D1D7,EGSS,STN,Stansted Airport,London,GB
1038BA,KACY,ACY,Atlantic City International Airport,Atlantic City (NJ),US
208F37,KACY,ACY,Atlantic City International Airport,Atlantic City (NJ),US
10288A,KADW,ADW,Andrews Air Force Base /Naf,Camp Springs (MD),US
10349A,KALB,ALB,Albany County Airport,Albany (NY),US
10309A,KBDL,BDL,Bradley International Airport,Hartford (CT),US
104CBA,KBED,BED,Laurence G Hanscom Field Airport,Bedford (MA),US
1034DA,KBOS,BOS,Logan International Airport,Boston (MA),US
10503A,KBOS,BOS,Logan International Airport,Boston (MA),US
213E77,KBOS,BOS,Logan International Airport,Boston (MA),US
213E78,KBOS,BOS,Logan International Airport,Boston (MA),US
10204A,KBWI,BWI,Baltimore/Washington International Thurgood Marsh,Baltimore (MD),US
1054BA,KBWI,BWI,Baltimore/Washington International Thurgood Marsh,Baltimore (MD),US
215D37,KBWI,BWI,Baltimore/Washington International Thurgood Marsh,Baltimore (MD),US
215D38,KBWI,BWI,Baltimore/Washington International Thurgood Marsh,Baltimore (MD),US
10516A,KDCA,DCA,Washington National Airport,Washington (DC),US
10545A,KDCA,DCA,Washington National Airport,Washington (DC),US
220C37,KDCA,DCA,Washington National Airport,Washington (DC),US
220C38,KDCA,DCA,Washington National Airport,Washington (DC),US
10405A,KEWR,EWR,Newark Liberty International Airport,Newark (NJ),US
10552A,KEWR,EWR,Newark Liberty International Airport,Newark (NJ),US
22DE57,KEWR,EWR,Newark Liberty International Airport,Newark (NJ),US
22DE58,KEWR,EWR,Newark Liberty International Airport,Newark (NJ),US
102C0A,KFRG,FRG,Republic Field Airport,Farmingdale (NY),US
10456A,KHPN,HPN,Westchester County Airport,White Plains (NY),US
2441D7,KHPN,HPN,Westchester County Airport,White Plains (NY),US
104CCA,KHVN,HVN,Tweed New Haven Airport,New Haven (CT),US
10142A,KIAD,IAD,Dulles International Airport,Washington (DC),US
10509A,KIAD,IAD,Dulles International Airport,Washington (DC),US
248497,KIAD,IAD,Dulles International Airport,Washington (DC),US
248498,KIAD,IAD,Dulles International Airport,Washington (DC),US
104CDA,KILG,ILG,Greater Wilmington Airport,Wilmington (DE),US
10348A,KISP,ISP,Long Island-Macarthur Airport,Islip (NY),US
10147A,KJFK,JFK,Kennedy International Airport,New York (NY),US
10508A,KJFK,JFK,Kennedy International Airport,New York (NY),US
251977,KJFK,JFK,Kennedy International Airport,New York (NY),US
251978,KJFK,JFK,Kennedy International Airport,New York (NY),US
251979,KJFK,JFK,Kennedy International Airport,New York (NY),US
10201A,KLGA,LGA,La Guardia Airport,New York (NY),US
10547A,KLGA,LGA,La Guardia Airport,New York (NY),US
261C37,KLGA,LGA,La Guardia Airport,New York (NY),US
261C38,KLGA,LGA,La Guardia Airport,New York (NY),US
1014CA,KMHT,MHT,Boston Regional Airport,Manchester (NH),US
102C3A,KMMU,MMU,Morristown Municipal Airport,Morristown (NJ),US
10347A,KPHL,PHL,Philadelphia International Airport,Philadelphia (PA),US
10502A,KPHL,PHL,Philadelphia International Airport,Philadelphia (PA),US
282197,KPHL,PHL,Philadelphia International Airport,Philadelphia (PA),US
282198,KPHL,PHL,Philadelphia International Airport,Philadelphia (PA),US
10259A,KSWF,SWF,Stewart Airport,Newburgh/Poughkeepsie (NY),US
102C1A,KTEB,TEB,Teterboro Airport,Teteboro (NJ),US
2A1457,KTEB,TEB,Teterboro Airport,Teteboro (NJ),US
104C3A,KTTN,TTN,Mercer County Airport,Trenton (NJ),US
10900A,EHAM,AMS,Amsterdam-Schiphol Airport,Amsterdam,NL
11900A,EHAM,AMS,Amsterdam-Schiphol Airport,Amsterdam,NL
20B661,EHAM,AMS,Amsterdam-Schiphol Airport,Amsterdam,NL
20B665,EHAM,AMS,Amsterdam-Schiphol Airport,Amsterdam,NL
20B662,EHAM,AMS,Amsterdam-Schiphol Airport,Amsterdam,NL
20B677,EHAM,AMS,Amsterdam-Schiphol Airport,Amsterdam,NL
20B678,EHAM,AMS,Amsterdam-Schiphol Airport,Amsterdam,NL
2951A5,EHRD,RTM,Rotterdam Airport,Rotterdam,NL
10991A,EGGD,BRS,Bristol Airport,Bristol,GB
262242,EGLL,LHR,Heathrow Airport,London,GB
262258,EGLL,LHR,Heathrow Airport,London,GB
262257,EGLL,LHR,Heathrow Airport,London,GB
262243,EGLL,LHR,Heathrow Airport,London,GB
262259,EGLL,LHR,Heathrow Airport,London,GB
262241,EGLL,LHR,Heathrow Airport,London,GB
216B45,EGVN,BZZ,RAF Station,Brize Norton,GB
1091EA,EGKK,LGW,Gatwick Airport,London,GB
10988A,EGKK,LGW,Gatwick Airport,London,GB
11919A,EGGW,LTN,Luton Airport,London,GB
1191EA,EGKK,LGW,Gatwick Airport,London,GB
11983A,EGLL,LHR,Heathrow Airport,London,GB
261EE1,EGKK,LGW,Gatwick Airport,London,GB
261EF7,EGKK,LGW,Gatwick Airport,London,GB
10919A,EGGW,LTN,Luton Airport,London,GB
230457,EGLF,FAB,Farnborough Airport,Farnborough,GB
275D37,EGSH,NWI,Norwich Airport,Norwich,GB
2651D7,EGGW,LTN,Luton Airport,London,GB
23B025,EGPF,GLA,Glasgow International Airport,Glasgow,GB
260825,EGNM,LBA,Leeds/Bradford Airport,Leeds,GB
10993A,EGPU,TRE,Tiree Airport,Tiree Inner Hebrides,GB
214A57,EGPR,BRR,North Bay Airport,Barra,GB
29E737,EGPO,SYY,Stornoway Airport,Stornoway Outer Stat Hebrides,GB
10912A,EGPD,ABZ,Dyce Airport,Aberdeen,GB
208B57,EGPD,ABZ,Dyce Airport,Aberdeen,GB
1099CA,EGCC,MAN,Manchester International Airport,Manchester,GB
2685D7,EGCC,MAN,Manchester International Airport,Manchester,GB
10983A,EGLL,LHR,Heathrow Airport,London,GB
1199DA,EGLL,LHR,Heathrow Airport,London,GB
1099DA,EGLL,LHR,Heathrow Airport,London,GB
229137,EGPH,EDI,Turnhouse Airport,Edinburgh,GB
20B057,KALB,ALB,Albany County Airport,Albany (NY),US
20B058,KALB,ALB,Albany County Airport,Albany (NY),US
10145A,KBUF,BUF,Niagara International Airport,Buffalo (NY),US
2154D7,KBUF,BUF,Niagara International Airport,Buffalo (NY),US
2154D8,KBUF,BUF,Niagara International Airport,Buffalo (NY),US
211DB7,KBGM,BGM,Broome County Airport,Binghamton/Endct/Jhnsn Cty (NY),US
211DB8,KBGM,BGM,Broome County Airport,Binghamton/Endct/Jhnsn Cty (NY),US
211197,KBDL,BDL,Bradley International Airport,Hartford (CT),US
208D77,KACK,ACK,Nantucket Memorial Airport,Nantucket (MA),US
208D78,KACK,ACK,Nantucket Memorial Airport,Nantucket (MA),US
27C8D7,KORF,ORF,Norfolk International Airport,Norfolk (VA),US
10342A,KPIT,PIT,Pittsburgh International Airport,Pittsburgh (PA),US
282697,KPIT,PIT,Pittsburgh International Airport,Pittsburgh (PA),US
10412A,KPVD,PVD,Theodore Francis Green Airport,Providence (RI),US
285897,KPVD,PVD,Theodore Francis Green Airport,Providence (RI),US
10495A,KATL,ATL,Hartsfield-Jackson Airport,Atlanta (GA),US
11495A,KATL,ATL,Hartsfield-Jackson Airport,Atlanta (GA),US
10550A,KATL,ATL,Hartsfield-Jackson Airport,Atlanta (GA),US
20D181,KATL,ATL,Hartsfield-Jackson Airport,Atlanta (GA),US
20D197,KATL,ATL,Hartsfield-Jackson Airport,Atlanta (GA),US
20D198,KATL,ATL,Hartsfield-Jackson Airport,Atlanta (GA),US
10416A,KCMH,CMH,Columbus International Airport,Columbus (OH),US
21B517,KCMH,CMH,Columbus International Airport,Columbus (OH),US
1019FA,KCLE,CLE,Hopkins International Airport,Cleveland (OH),US
1054EA,KCLE,CLE,Hopkins International Airport,Cleveland (OH),US
21B0B7,KCLE,CLE,Hopkins International Airport,Cleveland (OH),US
260D77,KLCK,LCK,Rickenbacker International Airport,Columbus (OH),US
10390A,KCAK,CAK,Akron-Canton Regional Airport,Green (OH),US
211937,KBFI,BFI,King County -Boeing Field Airport,Seattle (WA),US
2804B7,KPAE,PAE,Snohomish County Paine Field Airport,Everett (WA),US
10205A,KDEN,DEN,Denver International Airport,Denver (CO),US
10345A,KDEN,DEN,Denver International Airport,Denver (CO),US
1050AA,KDEN,DEN,Denver International Airport,Denver (CO),US
2215D7,KDEN,DEN,Denver International Airport,Denver (CO),US
2215D8,KDEN,DEN,Denver International Airport,Denver (CO),US
2215D9,KDEN,DEN,Denver International Airport,Denver (CO),US
10209A,KIND,IND,Indianapolis International Airport,Indianapolis (IN),US
10543A,KIND,IND,Indianapolis International Airport,Indianapolis (IN),US
24B897,KIND,IND,Indianapolis International Airport,Indianapolis (IN),US
24B898,KIND,IND,Indianapolis International Airport,Indianapolis (IN),US
22DAD7,KEVV,EVV,Evansville Dress Regional Airport,Evansville (IN),US
10146A,KLAX,LAX,Los Angeles International Airport,Los Angeles (CA),US
10346A,KLAX,LAX,Los Angeles International Airport,Los Angeles (CA),US
11346A,KLAX,LAX,Los Angeles International Airport,Los Angeles (CA),US
10540A,KLAX,LAX,Los Angeles International Airport,Los Angeles (CA),US
260717,KLAX,LAX,Los Angeles International Airport,Los Angeles (CA),US
260718,KLAX,LAX,Los Angeles International Airport,Los Angeles (CA),US
260719,KLAX,LAX,Los Angeles International Airport,Los Angeles (CA),US
10208A,KSAN,SAN,San Diego International Lindbergh Field Airport,San Diego (CA),US
11208A,KSAN,SAN,San Diego International Lindbergh Field Airport,San Diego (CA),US
10553A,KSAN,SAN,San Diego International Lindbergh Field Airport,San Diego (CA),US
2985D7,KSAN,SAN,San Diego International Lindbergh Field Airport,San Diego (CA),US
2985D8,KSAN,SAN,San Diego International Lindbergh Field Airport,San Diego (CA),US
10261A,KSFO,SFO,San Francisco International Airport,San Francisco (CA),US
10507A,KSFO,SFO,San Francisco International Airport,San Francisco (CA),US
1054CA,KSFO,SFO,San Francisco International Airport,San Francisco (CA),US
2999F7,KSFO,SFO,San Francisco International Airport,San Francisco (CA),US
2999F8,KSFO,SFO,San Francisco International Airport,San Francisco (CA),US
2999F9,KSFO,SFO,San Francisco International Airport,San Francisco (CA),US
1031EA,KOAK,OAK,Metropolitan Oakland International Airport,Oakland (CA),US
1131EA,KOAK,OAK,Metropolitan Oakland International Airport,Oakland (CA),US
278577,KOAK,OAK,Metropolitan Oakland International Airport,Oakland (CA),US
278578,KOAK,OAK,Metropolitan Oakland International Airport,Oakland (CA),US
29A877,KSJC,SJC,San Jose International Airport,San Jose (CA),US
29A878,KSJC,SJC,San Jose International Airport,San Jose (CA),US
10518A,KSMF,SMF,Sacramento Metropolitan Airport,Sacramento (CA),US
29B4D7,KSMF,SMF,Sacramento Metropolitan Airport,Sacramento (CA),US
29B4D8,KSMF,SMF,Sacramento Metropolitan Airport,Sacramento (CA),US
27BA97,KONT,ONT,La/Ontario International Airport,Ontario/San Bernardino (CA),US
27BA98,KONT,ONT,La/Ontario International Airport,Ontario/San Bernardino (CA),US
29B837,KSNA,SNA,John Wayne International Airport,Santa Ana (CA),US
29B838,KSNA,SNA,John Wayne International Airport,Santa Ana (CA),US
268D37,KMCI,MCI,Kansas City International Airport,Kansas City (MO),US
10406A,KSTL,STL,Lambert International Airport,St  Louis (MO),US
10554A,KSTL,STL,Lambert International Airport,St  Louis (MO),US
29D197,KSTL,STL,Lambert International Airport,St  Louis (MO),US
260677,KLAS,LAS,Mc Carran International Airport,Las Vegas (NV),US
260678,KLAS,LAS,Mc Carran International Airport,Las Vegas (NV),US
260679,KLAS,LAS,Mc Carran International Airport,Las Vegas (NV),US
2939F7,KRNO,RNO,Reno International Airport,Reno (NV),US
2939F8,KRNO,RNO,Reno International Airport,Reno (NV),US
10403A,KDTW,DTW,Detroit Metro Wayne County Airport,Detroit (MI),US
10512A,KDTW,DTW,Detroit Metro Wayne County Airport,Detroit (MI),US
11512A,KDTW,DTW,Detroit Metro Wayne County Airport,Detroit (MI),US
2252F7,KDTW,DTW,Detroit Metro Wayne County Airport,Detroit (MI),US
2252F8,KDTW,DTW,Detroit Metro Wayne County Airport,Detroit (MI),US
20C1D7,KAPN,APN,Phelps/Collins Airport,Alpena (MI),US
20C1D8,KAPN,APN,Phelps/Collins Airport,Alpena (MI),US
23CA57,KGRR,GRR,Gerald R  Ford International Airport,Grand Rapids (MI),US
233A97,KFNT,FNT,Bishop Airport,Flint (MI),US
26C697,KSAW,MQT,Sawyer Airport,Marquette (MI),US
26C698,KSAW,MQT,Sawyer Airport,Marquette (MI),US
27C897,KORD,ORD,O Hare Airport,Chicago (IL),US
27C898,KORD,ORD,O Hare Airport,Chicago (IL),US
27C899,KORD,ORD,O Hare Airport,Chicago (IL),US
2692F7,KMDW,MDW,Chicago Midway Airport,Chicago (IL),US
245277,KHTS,HTS,Tri State/Walker Long Field Airport,Ashland (WV),US
2990D7,KSDF,SDF,Standiford Field Airport,Louisville (KY),US
2990D8,KSDF,SDF,Standiford Field Airport,Louisville (KY),US
22DDD7,KEWN,EWN,Craven County Regional Airport,New Bern/Morehead/Beaufort (NC),US
26C537,KMQI,MQI,Dare County Regional Airport,Manteo (NC),US
26ACB7,KMKE,MKE,General Mitchell Field Airport,Milwaukee (WI),US
2A4037,KTPA,TPA,Tampa International Airport,Tampa (FL),US
26A437,KMIA,MIA,Miami International Airport,Miami (FL),US
233197,KFLL,FLL,Fort Lauderdale International Airport,Fort Lauderdale (FL),US
10385A,KPBI,PBI,Palm Beach International Airport,West Palm Beach/Palm Beach (FL),US
280937,KPBI,PBI,Palm Beach International Airport,West Palm Beach/Palm Beach (FL),US
294EF7,KRSW,RSW,Southwest Florida International  Airport,Ft  Myers (FL),US
21A277,KCHS,CHS,Charleston International Airport,Charleston (SC),US
26CE17,KMSP,MSP,Minneapolis St Paul International Airport,Minneapolis/St  Paul (MN),US
29B077,KSLC,SLC,Salt Lake International Airport,Salt Lake City (UT),US
29B078,KSLC,SLC,Salt Lake International Airport,Salt Lake City (UT),US
213D37,KBOI,BOI,Boise Air Terminal Airport,Boise (ID),US
104DEA,KDAL,DAL,Dallas Love Field Airport,Dallas (TX),US
10555A,KDAL,DAL,Dallas Love Field Airport,Dallas (TX),US
220597,KDAL,DAL,Dallas Love Field Airport,Dallas (TX),US
220598,KDAL,DAL,Dallas Love Field Airport,Dallas (TX),US
10200A,KDFW,DFW,Dallas/Ft Worth International Airport,Dallas/Ft Worth (TX),US
1031FA,KDFW,DFW,Dallas/Ft Worth International Airport,Dallas/Ft Worth (TX),US
10546A,KDFW,DFW,Dallas/Ft Worth International Airport,Dallas/Ft Worth (TX),US
221AF7,KDFW,DFW,Dallas/Ft Worth International Airport,Dallas/Ft Worth (TX),US
221AF8,KDFW,DFW,Dallas/Ft Worth International Airport,Dallas/Ft Worth (TX),US
221AF9,KDFW,DFW,Dallas/Ft Worth International Airport,Dallas/Ft Worth (TX),US
26C8D7,KMRF,MRF,Marfa Municipal Airport,Marfa (TX),US
2A6677,KTYS,TYS,Mcghee Tyson Airport,Knoxville (TN),US
2A6678,KTYS,TYS,Mcghee Tyson Airport,Knoxville (TN),US
213838,KBNA,BNA,Nashville Metropolitan Airport,Nashville (TN),US
26BE97,KMOT,MOT,Minot International Airport,Minot (ND),US
239977,KGFK,GFK,Grand Forks International Airport,Grand Forks (ND),US
211E57,KBGR,BGR,Bangor International Airport,Bangor (ME),US
211E58,KBGR,BGR,Bangor International Airport,Bangor (ME),US
21A497,KCID,CID,The Eastern Iowa Airport,Cedar Rapids (IA),US
224DB7,KDSM,DSM,Des Moines Muncipal Airport,Des Moines (IA),US
224DB8,KDSM,DSM,Des Moines Muncipal Airport,Des Moines (IA),US
220A37,KDBQ,DBQ,Dubuque Municipal Airport,Dubuque (IA),US
27B437,KOMA,OMA,Eppley Airfield Airport,Omaha (NE),US
282317,KPHX,PHX,Sky Harbor International Airport,Phoenix (AZ),US
282318,KPHX,PHX,Sky Harbor International Airport,Phoenix (AZ),US
225A97,KDVT,DVT,Phoenix - Deer Valley Airport,Phoenix (AZ),US
23D617,KGUP,GUP,Senator Clarke Field Airport,Gallup (NM),US
10105A,CYVR,YVR,Vancouver International Airport,Vancouver,CA
1025FA,CYVR,YVR,Vancouver International Airport,Vancouver,CA
2CDA57,CYVR,YVR,Vancouver International Airport,Vancouver,CA
2CD597,CYUL,YUL,Pierre Elliott Trudeau International Airport,Montreal,CA
2CB717,CYMX,YMX,Mirabel International Airport,Montreal,CA
102C8A,PHNL,HNL,Honolulu International Airport,Honolulu (HI),US
104D9A,PHNL,HNL,Honolulu International Airport,Honolulu (HI),US
10982A,EDDH,HAM,Fuhlsbuettel Airport,Hamburg,DE
2405A1,EDDH,HAM,Fuhlsbuettel Airport,Hamburg,DE
2405B7,EDDH,HAM,Fuhlsbuettel Airport,Hamburg,DE
2C1AF7,EDHI,XFW,Finkenwerder Airport,Finkenwerder,DE
234837,EDDF,FRA,Frankfurt International Airport,Frankfurt,DE
234838,EDDF,FRA,Frankfurt International Airport,Frankfurt,DE
219DC1,EDDK,CGN,Koeln/Bonn Airport,Cologne,DE
219DC2,EDDK,CGN,Koeln/Bonn Airport,Cologne,DE
219DD7,EDDK,CGN,Koeln/Bonn Airport,Cologne,DE
219DD8,EDDK,CGN,Koeln/Bonn Airport,Cologne,DE
10910A,EDDS,STR,Echterdingen Airport,Stuttgart,DE
29D241,EDDS,STR,Echterdingen Airport,Stuttgart,DE
29D257,EDDS,STR,Echterdingen Airport,Stuttgart,DE
1099EA,EDDB,SXF,Schoenefeld Airport,Berlin,DE
2A6181,EDDT,TXL,Tegel Airport,Berlin,DE
2A6197,EDDT,TXL,Tegel Airport,Berlin,DE
2A6198,EDDT,TXL,Tegel Airport,Berlin,DE
261557,EDDP,LEJ,Leipzig/Halle Airport,Leipzig/Halle,DE
1098FA,EDDN,NUE,Metropolitan Area Airport,Nuremberg,DE
2754B7,EDDN,NUE,Metropolitan Area Airport,Nuremberg,DE
2251B7,EDLW,DTM,Dortmund Airport,Dortmund,DE
280497,EDLP,PAD,Paderborn Airport,Paderborn,DE
2335E5,EDDG,FMO,Muenster Airport,Muenster,DE
2335F7,EDDG,FMO,Muenster Airport,Muenster,DE
224A77,EDDC,DRS,Dresden Airport,Dresden,DE
22C8D7,EDDE,ERF,Erfurt Airport,Erfurt,DE
240557,EDDV,HAJ,Hanover Airport,Hanover,DE
29E0C5,EDDB,SXF,Schoenefeld Airport,Berlin,DE
29E0D7,EDDB,SXF,Schoenefeld Airport,Berlin,DE
26D461,EDDM,MUC,Franz Josef Strauss Airport,Munich,DE
26D462,EDDM,MUC,Franz Josef Strauss Airport,Munich,DE
26D465,EDDM,MUC,Franz Josef Strauss Airport,Munich,DE
26D477,EDDM,MUC,Franz Josef Strauss Airport,Munich,DE
26D478,EDDM,MUC,Franz Josef Strauss Airport,Munich,DE
2148B7,EDDW,BRE,Bremen Airport,Bremen,DE
298DD7,EDDR,SCN,Ensheim Airport,Saarbruecken,DE
2930F7,ETNL,RLG,Laage Airport,Rostock-Laage,DE
2B24A1,LOWW,VIE,Vienna International Airport,Vienna,AT
2B24A2,LOWW,VIE,Vienna International Airport,Vienna,AT
2B24B7,LOWW,VIE,Vienna International Airport,Vienna,AT
2B24B8,LOWW,VIE,Vienna International Airport,Vienna,AT
263B45,LOWL,LNZ,Hoersching Airport,Linz,AT
263B57,LOWL,LNZ,Hoersching Airport,Linz,AT
212317,EGBB,BHX,Birmingham International Airport,Birmingham,GB
214A77,EGGD,BRS,Bristol Airport,Bristol,GB
2651C5,EGGW,LTN,Luton Airport,London,GB
11988A,EGKK,LGW,Gatwick Airport,London,GB
275D25,EGSH,NWI,Norwich Airport,Norwich,GB
29D1D8,EGSS,STN,Stansted Airport,London,GB
260837,EGNM,LBA,Leeds/Bradford Airport,Leeds,GB
23B037,EGPF,GLA,Glasgow International Airport,Glasgow,GB
2BCB25,EGEW,WRY,Westray Airport,Westray,GB
2BCB37,EGEW,WRY,Westray Airport,Westray,GB
261637,EGHC,LEQ,Lands End Airport,Lands End,GB
270D97,EGNT,NCL,Newcastle Airport,Newcastle,GB
251657,EGJJ,JER,States Airport,Jersey,GB
29B9C5,EINN,SNN,Shannon Airport,Shannon,IE
29B9D7,EINN,SNN,Shannon Airport,Shannon,IE
27C965,EICK,ORK,Cork Airport,Cork,IE
27C977,EICK,ORK,Cork Airport,Cork,IE
225457,EIDW,DUB,Dublin Airport,Dublin,IE
2951B7,EHRD,RTM,Rotterdam Airport,Rotterdam,NL
10909A,LFPO,ORY,Orly Field Airport,Paris,FR
11909A,LFPO,ORY,Orly Field Airport,Paris,FR
27CB37,LFPO,ORY,Orly Field Airport,Paris,FR
280645,LFPW,PAR,Paris Metropolitan Airport,Paris,FR
280657,LFPW,PAR,Paris Metropolitan Airport,Paris,FR
280658,LFPW,PAR,Paris Metropolitan Airport,Paris,FR
1098AA,LFBD,BOD,Bordeaux Airport,Bordeaux,FR
1198AA,LFBD,BOD,Bordeaux Airport,Bordeaux,FR
213C85,LFBD,BOD,Bordeaux Airport,Bordeaux,FR
213C97,LFBD,BOD,Bordeaux Airport,Bordeaux,FR
2198A5,LFLC,CFE,Aulnat Airport,Clermont-Ferrand,FR
2198B7,LFLC,CFE,Aulnat Airport,Clermont-Ferrand,FR
26CA77,LFML,MRS,Marseille Airport,Marseille,FR
270CB7,LFMN,NCE,Cote D Azur Airport,Nice,FR
2A3261,LFBO,TLS,Blagnac Airport,Toulouse,FR
2A3277,LFBO,TLS,Blagnac Airport,Toulouse,FR
212625,LFBZ,BIQ,Biarritz Parme Airport,Biarritz,FR
212637,LFBZ,BIQ,Biarritz Parme Airport,Biarritz,FR
233925,LFTW,FNI,Garons Airport,Nimes,FR
233937,LFTW,FNI,Garons Airport,Nimes,FR
266665,LFLL,LYS,Lyon Satolas Airport,Lyon,FR
266677,LFLL,LYS,Lyon Satolas Airport,Lyon,FR
281CC5,LFMP,PGF,Llabanere Airport,Perpignan,FR
281CD7,LFMP,PGF,Llabanere Airport,Perpignan,FR
2190E1,LFPG,CDG,Charles De Gaulle Airport,Paris,FR
2190E3,LFPG,CDG,Charles De Gaulle Airport,Paris,FR
2190E4,LFPG,CDG,Charles De Gaulle Airport,Paris,FR
2190F7,LFPG,CDG,Charles De Gaulle Airport,Paris,FR
2190F8,LFPG,CDG,Charles De Gaulle Airport,Paris,FR
2610A5,LFBT,LDE,Tarbes Ossun Lourdes Airport,Lourdes,FR
2610B7,LFBT,LDE,Tarbes Ossun Lourdes Airport,Lourdes,FR
211677,LFRB,BES,Guipavas Airport,Brest,FR
262597,LFQQ,LIL,Lesquin Airport,Lille,FR
26B105,LFSB,MLH,EuroAirport French,Mulhouse France/Basel,CH
26B117,LFSB,MLH,EuroAirport French,Mulhouse France/Basel,CH
29E041,LFST,SXB,Entzheim Airport,Strasbourg,FR
29E057,LFST,SXB,Entzheim Airport,Strasbourg,FR
282665,LFBI,PIS,Biard Airport,Poitiers,FR
282677,LFBI,PIS,Biard Airport,Poitiers,FR
264A85,LFRH,LRT,Lann Bihoue Airport,Lorient,FR
264A97,LFRH,LRT,Lann Bihoue Airport,Lorient,FR
265705,ELLX,LUX,Luxembourg Airport,Luxembourg,LU
265717,ELLX,LUX,Luxembourg Airport,Luxembourg,LU
214AA1,EBBR,BRU,National Airport,Brussels,BE
214AB7,EBBR,BRU,National Airport,Brussels,BE
241581,EFHK,HEL,Helsinki-Vantaa Airport,Helsinki,FI
241597,EFHK,HEL,Helsinki-Vantaa Airport,Helsinki,FI
24159F,EFHK,HEL,Helsinki-Vantaa Airport,Helsinki,FI
25D5F7,EFKU,KUO,Kuopio Airport,Kuopio,FI
2A3617,EFTP,TMP,Tampere-Pirkkala Airport,Tampere,FI
2959D7,EFRO,RVN,Rovaniemi Airport,Rovaniemi,FI
10920A,EPWA,WAW,Frederic Chopin Airport,Warsaw,PL
11920A,EPWA,WAW,Frederic Chopin Airport,Warsaw,PL
2B86E1,EPWA,WAW,Frederic Chopin Airport,Warsaw,PL
2B86F7,EPWA,WAW,Frederic Chopin Airport,Warsaw,PL
1091CA,LEMD,MAD,Barajas Airport,Madrid,ES
1191CA,LEMD,MAD,Barajas Airport,Madrid,ES
268481,LEMD,MAD,Barajas Airport,Madrid,ES
268482,LEMD,MAD,Barajas Airport,Madrid,ES
268497,LEMD,MAD,Barajas Airport,Madrid,ES
268498,LEMD,MAD,Barajas Airport,Madrid,ES
2A3D45,LETO,TOJ,Torrejon Air Force Base,Madrid,ES
1099BA,LEBL,BCN,Barcelona Airport,Barcelona,ES
1199BA,LEBL,BCN,Barcelona Airport,Barcelona,ES
210DC1,LEBL,BCN,Barcelona Airport,Barcelona,ES
210DC5,LEBL,BCN,Barcelona Airport,Barcelona,ES
210DD7,LEBL,BCN,Barcelona Airport,Barcelona,ES
210DD8,LEBL,BCN,Barcelona Airport,Barcelona,ES
209E17,LEMG,AGP,Malaga Airport,Malaga,ES
29DA25,LEZL,SVQ,Sevilla Airport,Sevilla,ES
29DA37,LEZL,SVQ,Sevilla Airport,Sevilla,ES
2C4B37,LEJR,XRY,La Parra Airport,Jerez De La Frontera,ES
23CB05,LEGR,GRX,Granada Airport,Granada,ES
23CB17,LEGR,GRX,Granada Airport,Granada,ES
261537,LEAM,LEI,Almeria Airport,Almeria,ES
10926A,LEVC,VLC,Valencia Airport,Valencia,ES
2B3065,LEVC,VLC,Valencia Airport,Valencia,ES
2B3077,LEVC,VLC,Valencia Airport,Valencia,ES
10927A,LEAL,ALC,Alicante Airport,Alicante,ES
20B077,LEAL,ALC,Alicante Airport,Alicante,ES
283537,LEPA,PMI,Palma Mallorca Airport,Palma Mallorca,ES
283538,LEPA,PMI,Palma Mallorca Airport,Palma Mallorca,ES
248B57,LEIB,IBZ,Ibiza Airport,Ibiza,ES
268517,LEMH,MAH,Mahon Airport,Menorca,ES
2125F7,LEBB,BIO,Bilbao Airport,Bilbao,ES
2B2697,LEVT,VIT,Vitoria Airport,Vitoria,ES
27D885,LEAS,OVD,Asturias Airport,Asturias,ES
27D897,LEAS,OVD,Asturias Airport,Asturias,ES
2D0745,LEZG,ZAZ,Zaragoza Airport,Zaragoza,ES
2D0757,LEZG,ZAZ,Zaragoza Airport,Zaragoza,ES
260CF7,LECO,LCG,La Coruna Airport,La Coruna,ES
298E25,LEST,SCQ,Santiago De Compostela Airport,Santiago De Compostela,ES
298E37,LEST,SCQ,Santiago De Compostela Airport,Santiago De Compostela,ES
2B1DF7,LEVX,VGO,Vigo Airport,Vigo,ES
208CB7,GCRR,ACE,Lanzarote Airport,Lanzarote,ES
2354B7,GCFV,FUE,Puerto del Rosario Airport,Puerto del Rosario,ES
264037,GCLP,LPA,Airport De Gran Canaria,Las Palmas,ES
29C077,GCLA,SPC,La Palma Airport,Santa Cruz De La Palma,ES
2A19D7,GCXO,TFN,Norte Los Rodeos Airport,Tenerife,ES
2A1A77,GCTS,TFS,Sur Reina Sofia Airport,Tenerife,ES
233D25,LPPM,FOI,Portimao Airport,Portimao,PT
233D37,LPPM,FOI,Portimao Airport,Portimao,PT
1091FA,LPPT,LIS,Lisboa Airport,Lisbon,PT
109ADA,LPPT,LIS,Lisboa Airport,Lisbon,PT
119ADA,LPPT,LIS,Lisboa Airport,Lisbon,PT
262661,LPPT,LIS,Lisboa Airport,Lisbon,PT
262677,LPPT,LIS,Lisboa Airport,Lisbon,PT
1192CA,LPOT,MNT,Ota Air Base,Ota,PT
26BA85,LPOT,MNT,Ota Air Base,Ota,PT
26BA97,LPOT,MNT,Ota Air Base,Ota,PT
2305F7,LPFR,FAO,Faro Airport,Faro,PT
27C1F7,LPPR,OPO,Porto Airport,Porto,PT
233877,LPMA,FNC,Madeira Airport,Funchal,PT
2625D7,LIML,LIN,Linate Airport,Milan,IT
2625D8,LIML,LIN,Linate Airport,Milan,IT
26E217,LIMC,MXP,Malpensa Airport,Milan,IT
10F68B,LIMF,TRN,Citta Di Torino Airport,Turin,IT
10FA2A,LICC,CTA,Fontanarossa Airport,Catania,IT
21D037,LICC,CTA,Fontanarossa Airport,Catania,IT
213237,LIPE,BLQ,Guglielmo Marconi Airport,Bologna,IT
213239,LIPE,BLQ,Guglielmo Marconi Airport,Bologna,IT
230DF7,LIRF,FCO,Fiumicino Airport,Rome,IT
230DF8,LIRF,FCO,Fiumicino Airport,Rome,IT
2B0CB8,LIPZ,VCE,Marco Polo Airport,Venice,IT
214937,LIBD,BRI,Palese Airport,Bari,IT
27B057,LIEO,OLB,Costa Smeralda Airport,Olbia,IT
1098BA,LFKJ,AJA,Campo Dell Oro Airport,Ajaccio,FR
212437,LFKB,BIA,Poretta Airport,Bastia,FR
26B705,ESMS,MMX,Sturup Airport,Malmo,SE
26B717,ESMS,MMX,Sturup Airport,Malmo,SE
2B0B37,ESSV,VBY,Visby Airport,Visby,SE
20C9C1,ESSA,ARN,Arlanda Airport,Stockholm,SE
20C9D7,ESSA,ARN,Arlanda Airport,Stockholm,SE
299197,ESNN,SDL,Sundsvall–Timra Airport,Timra,SE
23BE97,ESGG,GOT,Landvetter Airport,Gothenburg,SE
10997A,ESMQ,KLR,Kalmar Airport,Kalmar,SE
2A48C5,ENTO,TRF,Sandefjord Airport,Oslo,NO
2A48D7,ENTO,TRF,Sandefjord Airport,Oslo,NO
29D8E5,ENZV,SVG,Sola Airport,Stavanger,NO
29D8F7,ENZV,SVG,Sola Airport,Stavanger,NO
25CA77,ENCN,KRS,Kjevik Airport,Kristiansand,NO
27CD81,ENGM,OSL,Oslo Airport,Oslo,NO
27CD97,ENGM,OSL,Oslo Airport,Oslo,NO
213197,EKBI,BLL,Billund Airport,Billund,DK
228945,EKEB,EBJ,Esbjerg Airport,Esbjerg,DK
228957,EKEB,EBJ,Esbjerg Airport,Esbjerg,DK
21C101,EKCH,CPH,Copenhagen Airport,Copenhagen,DK
21C117,EKCH,CPH,Copenhagen Airport,Copenhagen,DK
2391C5,EPGD,GDN,Rebiechowo Airport,Gdansk,PL
2391D7,EPGD,GDN,Rebiechowo Airport,Gdansk,PL
25D2E5,EPKT,KTW,Pyrzowice Airport,Katowice,PL
25D2F7,EPKT,KTW,Pyrzowice Airport,Katowice,PL
2968B7,EPRZ,RZE,Jasionka Airport,Rzeszow,PL
283F57,EPPO,POZ,Lawica Airport,Poznan,PL
25B2C5,LKKV,KLV,Karlovy Vary Airport,Karlovy Vary,CZ
25B2D7,LKKV,KLV,Karlovy Vary Airport,Karlovy Vary,CZ
27CE57,LKMT,OSR,Mosnov Airport,Ostrava,CZ
2848E1,LKPR,PRG,Prague-Ruzyne Airport,Prague,CZ
2848F7,LKPR,PRG,Prague-Ruzyne Airport,Prague,CZ
215265,LZIB,BTS,Ivanka Airport,Bratislava,SK
215277,LZIB,BTS,Ivanka Airport,Bratislava,SK
25CC77,LZKZ,KSC,Barca Airport,Kosice,SK
23D821,LSGG,GVA,Geneve-Cointrin Airport,Geneva,CH
23D825,LSGG,GVA,Geneve-Cointrin Airport,Geneva,CH
23D837,LSGG,GVA,Geneve-Cointrin Airport,Geneva,CH
2D4902,LSZH,ZRH,Zurich Airport,Zurich,CH
2D4917,LSZH,ZRH,Zurich Airport,Zurich,CH
2D4918,LSZH,ZRH,Zurich Airport,Zurich,CH
208D05,LSZR,ACH,Altenrhein Airport,Altenrhein,CH
208D17,LSZR,ACH,Altenrhein Airport,Altenrhein,CH
215497,LHBP,BUD,Ferihegy Airport,Budapest,HU
2A3197,EETN,TLL,Ulemiste Airport,Tallinn,EE
2B39F7,EYVI,VNO,Vilnius Airport,Vilnius,LT
292717,EVRA,RIX,Riga Airport,Riga,LV
262AB7,LJLJ,LJU,Brnik Airport,Ljubljana,SI
2D04F7,LDZA,ZAG,Pleso Airport,Zagreb,HR
21B5D7,GMMN,CMN,Mohamed V Airport,Casablanca,MA
2A55D7,DTTA,TUN,Carthage Airport,Tunis,TN
10C40A,VHHH,HKG,Hong Kong International Airport,Hong Kong,HK
242CF7,VHHH,HKG,Hong Kong International Airport,Hong Kong,HK
242CF8,VHHH,HKG,Hong Kong International Airport,Hong Kong,HK
2699B7,VMMC,MFM,Macau Airport,Macau,MO
2A40B7,RCTP,TPE,Taiwan Taoyuan International Airport,Taipei,TW
2A40B8,RCTP,TPE,Taiwan Taoyuan International Airport,Taipei,TW
25D597,WMKK,KUL,Kuala Lumpur International Airport,Kuala Lumpur,MY
29E497,YSSY,SYD,Kingsford Smith Airport,Sydney,AU
29E498,YSSY,SYD,Kingsford Smith Airport,Sydney,AU
269597,YMML,MEL,Tullamarine Airport,Melbourne,AU
20AD97,NZAA,AKL,Auckland International Airport,Auckland,NZ
2BB0F7,NZWN,WLG,Wellington International Airport,Wellington,NZ
21A077,NZCH,CHC,Christchurch International Airport,Christchurch,NZ
F00643,RJAA,NRT,Narita Airport,Tokyo,JP
F00644,RJAA,NRT,Narita Airport,Tokyo,JP
F00645,RJBB,KIX,Kansai International Airport,Osaka,JP
F00646,RJBB,KIX,Kansai International Airport,Osaka,JP
F00647,RJTT,HND,Haneda Airport,Tokyo,JP
F00648,RJTT,HND,Haneda Airport,Tokyo,JP
23CB57,LOWG,GRZ,Thalerhof Airport,Graz,AT
1092CA,LPOT,MNT,Ota Air Base,Ota,PT
211277,LIBR,BDS,Papola Casale Airport,Brindisi,IT
211278,LIBR,BDS,Papola Casale Airport,Brindisi,IT
2D4901,LSZH,ZRH,Zurich Airport,Zurich,CH
10B14A,RCTP,TPE,Taiwan Taoyuan International Airport,Taipei,TW
10B15A,RCTP,TPE,Taiwan Taoyuan International Airport,Taipei,TW
10106A,KILM,ILM,New Hanover County Airport,Wilmington (NC),US
10181A,KMIA,MIA,Miami International Airport,Miami (FL),US
101AAA,KMQI,MQI,Dare County Regional Airport,Manteo (NC),US
10157A,KPGD,PGD,Charlotte County Airport,Punta Gorda (FL),US
1020BA,KABY,ABY,Southwest Georgia Regional Airport,Albany (GA),US
1021EA,KVQQ,VQQ,Cecil Field Airport,Jacksonville (FL),US
10220A,MYNN,NAS,Nassau International Airport,Nassau,BS
10287A,KCSG,CSG,Columbus Metropolitan Airport,Columbus (GA),US
102E6A,KMQI,MQI,Dare County Regional Airport,Manteo (NC),US
10343A,KRDU,RDU,Raleigh Durham Airport,Raleigh/Durham (NC),US
10382A,KRSW,RSW,Southwest Florida International  Airport,Ft  Myers (FL),US
103870,KTLH,TLH,Tallahassee Municipal Airport,Tallahassee (FL),US
10408A,KEWN,EWN,Craven County Regional Airport,New Bern/Morehead/Beaufort (NC),US
10458A,KPIE,PIE,St  Petersburg International Airport,St  Petersburg (FL),US
104A4A,KMCN,MCN,Lewis B Wilson International Airport,Macon (GA),US
104C1A,MKJS,MBJ,Sangster International Airport,Montego Bay,JM
10511A,MYGF,FPO,Grand Bahama International Airport,Freeport,BS
10514A,KTPA,TPA,Tampa International Airport,Tampa (FL),US
10515A,KFLL,FLL,Fort Lauderdale International Airport,Fort Lauderdale (FL),US
26A438,KMIA,MIA,Miami International Airport,Miami (FL),US
233198,KFLL,FLL,Fort Lauderdale International Airport,Fort Lauderdale (FL),US
27CB21,LFPO,ORY,Orly Field Airport,Paris,FR
2A4039,KTPA,TPA,Tampa International Airport,Tampa (FL),US
283A77,KPNS,PNS,Pensacola Regional Airport,Pensacola (FL),US
26CF37,KMSY,MSY,Louis Armstrong International Airport,New Orleans (LA),US
2505D7,KJAN,JAN,Jackson - Evers International Airport,Jackson/Vicksburg (MS),US
2505D8,KJAN,JAN,Jackson - Evers International Airport,Jackson/Vicksburg (MS),US
2119B7,KBFM,BFM,Mobile Aerospace,Mobile (AL),US
2121B7,KBHM,BHM,Birmingham Municipal Airport,Birmingham (AL),US
2121B8,KBHM,BHM,Birmingham Municipal Airport,Birmingham (AL),US
269DB7,KMGM,MGM,Dannelly Field Airport,Montgomery (AL),US
214938,LIBD,BRI,Palese Airport,Bari,IT
29C2B7,LDSP,SPU,Split Airport,Split,HR
220AD7,LDDU,DBV,Dubrovnik Airport,Dubrovnik,HR
2114F7,LYBE,BEG,Beograd Airport,Belgrade,RS
29BCD7,LBSF,SOF,Vrazhdebna Airport,Sofia,BG
29BCD8,LBSF,SOF,Vrazhdebna Airport,Sofia,BG
2B0657,LBWN,VAR,Varna Airport,Varna,BG
213D57,LBBG,BOJ,Bourgas Airport,Bourgas,BG
27D217,LROP,OTP,Otopeni International Airport,Bucharest,RO
29A957,LQSA,SJJ,Butmir Airport,Sarajevo,BA
10B0FA,RCTP,TPE,Taiwan Taoyuan International Airport,Taipei,TW
F057AE,SBSP,CGH,Congonhas Airport,Sao Paulo,BR
1014DA,CYQT,YQT,Thunder Bay Airport,Thunder Bay,CA
10187A,CYAM,YAM,Sault Ste  Marie Airport,Sault Ste  Marie,CA
1031DA,CYSB,YSB,Sudbury Airport,Sudbury,CA
10381A,KPLN,PLN,Emmet County Airport,Pellston (MI),US
10411A,KTVC,TVC,Cherry Capital Airport,Traverse City (MI),US
1044EA,CYYB,YYB,North Bay Airport,North Bay,CA
24B997,KINL,INL,Falls International Airport,International Falls (MN),US
10980A,EBBR,BRU,National Airport,Brussels,BE
209AF7,KAFW,AFW,Fort Worth Alliance Airport,Dallas/Ft Worth (TX),US
20D677,KAUS,AUS,Austin - Bergstrom International Airport,Austin (TX),US
243EB7,KHOU,HOU,William P Hobby Airport,Houston (TX),US
248517,KIAH,IAH,Houston Intercontinental Airport,Houston (TX),US
248518,KIAH,IAH,Houston Intercontinental Airport,Houston (TX),US
208937,KABI,ABI,Abilene Municipal,Abilene (TX),US
208938,KABI,ABI,Abilene Municipal,Abilene (TX),US
260857,KLBB,LBB,Preston Smith International Airport,Lubbock (TX),US
298697,KSAT,SAT,San Antonio International Airport,San Antonio (TX),US
29A2D7,KSHV,SHV,Shreveport Regional Airport,Shreveport (LA),US
29A2D8,KSHV,SHV,Shreveport Regional Airport,Shreveport (LA),US
234DB7,KFSM,FSM,Fort Smith Regional Airport,Fort Smith (AR),US
262697,KLIT,LIT,Adams Field Airport,Little Rock (AR),US
262698,KLIT,LIT,Adams Field Airport,Little Rock (AR),US
27AC77,KOKC,OKC,Will Rogers World Airport,Oklahoma City (OK),US
2A5597,KTUL,TUL,Tulsa International Airport,Tulsa (OK),US
213DF7,ENBO,BOO,Bodo Airport,Bodo,NO
2A3E77,ENTC,TOS,Tromso/Langnes Airport,Tromso,NO
2A4897,ENVA,TRD,Vaernes Airport,Trondheim,NO
298D97,SCEL,SCL,Arturo Merino Benitez Airport,Santiago,CL
10A15A,YSSY,SYD,Kingsford Smith Airport,Sydney,AU
2138B7,YBBN,BNE,Brisbane International Airport,Brisbane,AU
2138B8,YBBN,BNE,Brisbane International Airport,Brisbane,AU
10F63A,LIML,LIN,Linate Airport,Milan,IT
2695BA,KMEM,MEM,Memphis International Airport,Memphis (TN),US
2695B8,KMEM,MEM,Memphis International Airport,Memphis (TN),US
10519A,KOAK,OAK,Metropolitan Oakland International Airport,Oakland (CA),US
1154BA,KBWI,BWI,Baltimore/Washington International Thurgood Marsh,Baltimore (MD),US
2B3B37,KVNY,VNY,Van Nuys Airport,Los Angeles,US
270CA1,LFMN,NCE,Cote D Azur Airport,Nice,FR
26B037,LMML,MLA,Luqa Airport,Malta,MT
215657,KBUR,BUR,Burbank Bob Hope Airport,Burbank (CA),US
10140A,KORD,ORD,O Hare Airport,Chicago (IL),US
10211A,KLGB,LGB,Long Beach Daugherty Field Airport,Long Beach (CA),US
10215A,KMDW,MDW,Chicago Midway Airport,Chicago (IL),US
1029EA,KBTL,BTL,Wk Kellogg Regional Afld Airport,Battle Creek (MI),US
102D0A,KPTK,PTK,Oakland/Pontiac Airport,Pontiac (MI),US
10303A,KBUR,BUR,Burbank Bob Hope Airport,Burbank (CA),US
10340A,KORD,ORD,O Hare Airport,Chicago (IL),US
1038DA,KAZO,AZO,Kalamazoo Municipal Airport,Kalamazoo (MI),US
10500A,KLAX,LAX,Los Angeles International Airport,Los Angeles (CA),US
11513A,KMDW,MDW,Chicago Midway Airport,Chicago (IL),US
10542A,KORD,ORD,O Hare Airport,Chicago (IL),US
10150A,KSEA,SEA,Seattle/Tacoma International Airport,Seattle (WA),US
1015AA,KPHF,PHF,Patrick Henry International Airport,Newport News/Williamsburg (VA),US
101C1A,KPAE,PAE,Snohomish County Paine Field Airport,Everett (WA),US
10548A,KSEA,SEA,Seattle/Tacoma International Airport,Seattle (WA),US
10513A,KMDW,MDW,Chicago Midway Airport,Chicago (IL),US
2695B9,KMEM,MEM,Memphis International Airport,Memphis (TN),US
10207A,KFAT,FAT,Fresno Air Terminal Airport,Fresno (CA),US
F057AC,SBSP,CGH,Congonhas Airport,Sao Paulo,BR
10250A,KMRY,MRY,Peninsula Airport,Monterey (CA),US
10409A,KSJC,SJC,San Jose International Airport,San Jose (CA),US
10558A,KSJC,SJC,San Jose International Airport,San Jose (CA),US
268DE5,KMCO,MCO,Orlando International Airport,Orlando (FL),US
269A57,KMFR,MFR,Medford Jackson County Airport,Medford (OR),US
10314A,KONT,ONT,La/Ontario International Airport,Ontario/San Bernardino (CA),US
250705,KJAX,JAX,Jacksonville International Airport,Jacksonville (FL),US
23A445,LXGB,GIB,North Front Airport,Gibraltar,GI
213837,KBNA,BNA,Nashville Metropolitan Airport,Nashville (TN),US
2695B7,KMEM,MEM,Memphis International Airport,Memphis (TN),US
F04698,SBGR,GRU,Guarulhos International Airport,Sao Paulo,BR
2A3117,KTLH,TLH,Tallahassee Municipal Airport,Tallahassee (FL),US
230458,EGLF,FAB,Farnborough Airport,Farnborough,GB
228E17,KECP,ECP,Northwest Florida Beaches International Airport,Panama CIty (FL),US
228E18,KECP,ECP,Northwest Florida Beaches International Airport,Panama CIty (FL),US
10587A,MMMD,MID,Rejon Airport,Merida,MX
105C6A,MMUN,CUN,Cancun Airport,Cancun,MX
20D185,KATL,ATL,Hartsfield-Jackson Airport,Atlanta (GA),US
21A265,KCHS,CHS,Charleston International Airport,Charleston (SC),US
26E658,KMYR,MYR,Myrtle Beach International  Airport,Myrtle Beach (SC),US
26E657,KMYR,MYR,Myrtle Beach International  Airport,Myrtle Beach (SC),US
104C0A,MKJP,KIN,Norman Manley Airport,Kingston,JM
213238,LIPE,BLQ,Guglielmo Marconi Airport,Bologna,IT
264125,ESSL,LPI,Linkoping Airport,Linkoping,SE
26A425,KMIA,MIA,Miami International Airport,Miami (FL),US
233185,KFLL,FLL,Fort Lauderdale International Airport,Fort Lauderdale (FL),US
2A4025,KTPA,TPA,Tampa International Airport,Tampa (FL),US
22D4F8,KEUG,EUG,Mahlon Sweet Field Airport,Eugene (OR),US
213D39,KBOI,BOI,Boise Air Terminal Airport,Boise (ID),US
228E05,KECP,ECP,Northwest Florida Beaches International Airport,Panama CIty (FL),US
283A65,KPNS,PNS,Pensacola Regional Airport,Pensacola (FL),US
22D4F7,KEUG,EUG,Mahlon Sweet Field Airport,Eugene (OR),US
11340A,KORD,ORD,O Hare Airport,Chicago (IL),US
213D38,KBOI,BOI,Boise Air Terminal Airport,Boise (ID),US
29AAB7,TJSJ,SJU,Luis Munoz Marin International Airport,San Juan,PR
29AAB8,TJSJ,SJU,Luis Munoz Marin International Airport,San Juan,PR
10B07A,YMML,MEL,Tullamarine Airport,Melbourne,AU
209197,YPAD,ADL,Adelaide Airport,Adelaide,AU
209198,YPAD,ADL,Adelaide Airport,Adelaide,AU
1015BA,KERI,ERI,Erie International Airport,Erie (PA),US
10185A,KFLL,FLL,Fort Lauderdale International Airport,Fort Lauderdale (FL),US
102D2A,KAPF,APF,Naples Municipal Airport,Naples (FL),US
10353A,KAVL,AVL,Asheville Regional Airport,Asheville (NC),US
1054AA,KMIA,MIA,Miami International Airport,Miami (FL),US
11202A,KCLT,CLT,Charlotte Douglas International Airport,Charlotte (NC),US
2154C5,KBUF,BUF,Niagara International Airport,Buffalo (NY),US
21B285,KCLT,CLT,Charlotte Douglas International Airport,Charlotte (NC),US
21B505,KCMH,CMH,Columbus International Airport,Columbus (OH),US
2252E5,KDTW,DTW,Detroit Metro Wayne County Airport,Detroit (MI),US
248485,KIAD,IAD,Dulles International Airport,Washington (DC),US
26E645,KMYR,MYR,Myrtle Beach International  Airport,Myrtle Beach (SC),US
282685,KPIT,PIT,Pittsburgh International Airport,Pittsburgh (PA),US
2A6665,KTYS,TYS,Mcghee Tyson Airport,Knoxville (TN),US
2152D7,KBTV,BTV,Burlington International Airport,Burlington (VT),US
11554A,KSTL,STL,Lambert International Airport,St  Louis (MO),US
22DE45,KEWR,EWR,Newark Liberty International Airport,Newark (NJ),US
27C8C5,KORF,ORF,Norfolk International Airport,Norfolk (VA),US
1010AA,KDLH,DLH,Duluth International Airport,Duluth (MN),US
10112A,KMQT,MQT,Sawyer International Airport,Marquette (MI),US
1018CA,KLAN,LAN,Capital City Airport,Lansing (MI),US
10212A,KMBS,MBS,Tri City Airport,Saginaw/Bay City/Midland (MI),US
10226A,KHIB,HIB,Chisholm/Hibbing  Airport,Chisholm/Hibbing (MN),US
10253A,KCWA,CWA,Central Wisconsin Airport,Wausau/Marshfield (WI),US
102A8A,KMOT,MOT,Minot International Airport,Minot (ND),US
10313A,KRHI,RHI,Rhinelander/Oneida County Airport,Rhinelander (WI),US
10326A,KOSC,OSC,Wurtsmith Air Force Base,Oscoda (MI),US
10364A,KCMX,CMX,Houghton County Memorial Airport,Hancock/Houghton (MI),US
1039AA,KGFK,GFK,Grand Forks International Airport,Grand Forks (ND),US
1039BA,KFNT,FNT,Bishop Airport,Flint (MI),US
10457A,KGRB,GRB,Austin/Straubel Airport,Green Bay/Clintonville (WI),US
223117,KDLH,DLH,Duluth International Airport,Duluth (MN),US
223118,KDLH,DLH,Duluth International Airport,Duluth (MN),US
239978,KGFK,GFK,Grand Forks International Airport,Grand Forks (ND),US
24B998,KINL,INL,Falls International Airport,International Falls (MN),US
26BE98,KMOT,MOT,Minot International Airport,Minot (ND),US
220457,KDAB,DAB,Daytona Beach Regional Airport,Daytona Beach (FL),US
11982A,EDDH,HAM,Fuhlsbuettel Airport,Hamburg,DE
10940A,LEBB,BIO,Bilbao Airport,Bilbao,ES
2121A5,KBHM,BHM,Birmingham Municipal Airport,Birmingham (AL),US
20CA85,KART,ART,Watertown New York International Airport,Watertown (NY),US
10557A,KADW,ADW,Andrews Air Force Base /Naf,Camp Springs (MD),US
10108A,KSBY,SBY,Salisbury Wicomico County Airport,Salisbury (MD),US
10158A,KAVP,AVP,Wilkes-Barre Scranton Airport,Scranton (PA),US
10184A,KBTV,BTV,Burlington International Airport,Burlington (VT),US
10254A,KPWM,PWM,Portland International Jetport Airport,Portland (ME),US
11552A,KEWR,EWR,Newark Liberty International Airport,Newark (NJ),US
211DA5,KBGM,BGM,Broome County Airport,Binghamton/Endct/Jhnsn Cty (NY),US
282185,KPHL,PHL,Philadelphia International Airport,Philadelphia (PA),US
24CE17,KISP,ISP,Long Island-Macarthur Airport,Islip (NY),US
266517,KLYH,LYH,Lynchburg Mun/Preston Glenn Airport,Lynchburg (VA),US
235337,KFTY,FTY,Fulton County/Brown Airport,Atlanta (GA),US
220737,KDAY,DAY,James M Cox/Dayton International Airport,Dayton (OH),US
299437,KSEA,SEA,Seattle/Tacoma International Airport,Seattle (WA),US
299438,KSEA,SEA,Seattle/Tacoma International Airport,Seattle (WA),US
299439,KSEA,SEA,Seattle/Tacoma International Airport,Seattle (WA),US
20CCB7,KASE,ASE,Aspen Pitkin County Sardy Field Airport,Aspen (CO),US
229CB7,KEGE,EGE,Eagle County Regional Airport,Eagle (CO),US
21BE77,KCOS,COS,Peterson Field Airport,Colorado Springs (CO),US
260437,KLAA,LAA,Lamar Municipal Airport,Lamar (CO),US
211997,KBFL,BFL,Meadows Field Airport,Bakersfield (CA),US
284E17,KPSP,PSP,Palm Springs Municipal Airport,Indio/Palm Springs (CA),US
281317,KPDX,PDX,Portland International Airport,Portland (OR),US
281318,KPDX,PDX,Portland International Airport,Portland (OR),US
268D38,KMCI,MCI,Kansas City International Airport,Kansas City (MO),US
29D198,KSTL,STL,Lambert International Airport,St  Louis (MO),US
299CD7,KSGF,SGF,Springfield Regional Airport,Springfield (MO),US
2692F8,KMDW,MDW,Chicago Midway Airport,Chicago (IL),US
21D8F7,KCVG,CVG,Cincinnati/ Northern Kentucky International Airpor,Covington (KY),US
21D8F8,KCVG,CVG,Cincinnati/ Northern Kentucky International Airpor,Covington (KY),US
23C857,KGRB,GRB,Austin/Straubel Airport,Green Bay/Clintonville (WI),US
22E6F7,KEYW,EYW,Key West International Airport,Key West (FL),US
26CE18,KMSP,MSP,Minneapolis St Paul International Airport,Minneapolis/St  Paul (MN),US
243EB8,KHOU,HOU,William P Hobby Airport,Houston (TX),US
248519,KIAH,IAH,Houston Intercontinental Airport,Houston (TX),US
2684D7,KMAF,MAF,Midland International Airport,Midland/Odessa (TX),US
22B217,KELP,ELP,El Paso International Airport,El Paso (TX),US
20B437,KAMA,AMA,Amarillo  Airport,Amarillo (TX),US
208E97,KACT,ACT,Waco Municipal Airport,Waco (TX),US
244997,KHRL,HRL,Harlingen Industrial Airprk Airport,Harlingen/San Benito (TX),US
21CA17,KCRP,CRP,Corpus Christi International Airport,Corpus Christi (TX),US
264897,KLRD,LRD,Laredo International Airport,Laredo (TX),US
213839,KBNA,BNA,Nashville Metropolitan Airport,Nashville (TN),US
230657,KFAR,FAR,Hector Field Airport,Fargo (ND),US
212677,KBIS,BIS,Bismarck Municipal Airport,Bismarck/Mandan (ND),US
241537,KHEI,HEI,Hettinger Municipal,Hettinger (ND),US
2608D7,KLBF,LBF,Lee Bird Field Airport,North Platte (NE),US
263977,KLNK,LNK,Lincoln Municipal Airport,Lincoln (NE),US
268D77,KMCK,MCK,Mc Cook Municipal Airport,Mccook (NE),US
2A5677,KTUS,TUS,Tucson International Airport,Tucson (AZ),US
208A37,KABQ,ABQ,Albuquerque International Airport,Albuquerque (NM),US
208A38,KABQ,ABQ,Albuquerque International Airport,Albuquerque (NM),US
265A77,KLVS,LVS,Las Vegas  Airport,Las Vegas (NM),US
293EF7,KROW,ROW,Two Link Ranch Airport,Roswell (NM),US
292E77,KRKS,RKS,Rock Springs Sweetwater County Airport,Rock Springs (WY),US
250477,KJAC,JAC,Jacksons Hole Airport,Jackson (WY),US
248E97,KICT,ICT,Mid-Continent Airport,Wichita (KS),US
221077,KDDC,DDC,Dodge City Municipal Airport,Dodge City (KS),US
26A177,KMHK,MHK,Manhattan Municipal Airport,Manhattan/Ft  Riley (KS),US
234C97,KFSD,FSD,Regional Joe Foss Field Airport,Sioux Falls (SD),US
290617,KRAP,RAP,Rapid City Regional Airport,Rapid City (SD),US
2151B7,KBTM,BTM,Bert Mooney Silver Bow County Airport,Butte (MT),US
285C97,KPWD,PWD,SherWood Airport,Plentywood (MT),US
20B877,PANC,ANC,Anchorage International Airport,Anchorage (AK),US
20B878,PANC,ANC,Anchorage International Airport,Anchorage (AK),US
10901A,LFPG,CDG,Charles De Gaulle Airport,Paris,FR
11901A,LFPG,CDG,Charles De Gaulle Airport,Paris,FR
281657,YPPH,PER,Perth Airport,Perth,AU
293D77,YBRK,ROK,Rockhampton Airport,Rockhampton,AU
11989A,LFRB,BES,Guipavas Airport,Brest,FR
10989A,LFRB,BES,Guipavas Airport,Brest,FR
29A5D8,WSSS,SIN,Changi Airport,Singapore,SG
29A5D9,WSSS,SIN,Changi Airport,Singapore,SG
294EF8,KRSW,RSW,Southwest Florida International  Airport,Ft  Myers (FL),US
2505C5,KJAN,JAN,Jackson - Evers International Airport,Jackson/Vicksburg (MS),US
10931A,EDDG,FMO,Muenster Airport,Muenster,DE
109B5A,LOWL,LNZ,Hoersching Airport,Linz,AT
270618,LIRN,NAP,Naples Airport,Naples,IT
1044FA,KPNS,PNS,Pensacola Regional Airport,Pensacola (FL),US
1090BA,LSZH,ZRH,Zurich Airport,Zurich,CH
109ACA,LSZH,ZRH,Zurich Airport,Zurich,CH
119ACA,LSZH,ZRH,Zurich Airport,Zurich,CH
10FA8B,LIBD,BRI,Palese Airport,Bari,IT
1031BA,KVPS,VPS,Destin-Fort Walton Beach Airport,Valparaiso (FL),US
10141A,KCVG,CVG,Cincinnati/ Northern Kentucky International Airpor,Covington (KY),US
1014AA,KMOB,MOB,Mobile Regional Airport,Mobile (AL),US
1014FA,CYUL,YUL,Pierre Elliott Trudeau International Airport,Montreal,CA
10155A,KBHM,BHM,Birmingham Municipal Airport,Birmingham (AL),US
10169A,KBGR,BGR,Bangor International Airport,Bangor (ME),US
1018BA,KHSV,HSV,Huntsville International Carl Jones Airport,Huntsville (AL),US
1018EA,KGPT,GPT,Gulfport Municipal Airport,Gulfport/Biloxi (MS),US
1022DA,KTYS,TYS,Mcghee Tyson Airport,Knoxville (TN),US
10249A,KCHA,CHA,Lovell Field Airport,Chattanooga (TN),US
10352A,KBGR,BGR,Bangor International Airport,Bangor (ME),US
1035DA,KTOL,TOL,Toledo Express Airport,Toledo (OH),US
10388A,KDAY,DAY,James M Cox/Dayton International Airport,Dayton (OH),US
10389A,KTYS,TYS,Mcghee Tyson Airport,Knoxville (TN),US
1038EA,CYHZ,YHZ,Halifax International Airport,Halifax,CA
103A1A,MWCR,GCM,Owen Roberts International Airport,Grand Cayman Island,KY
10410A,KLEX,LEX,Blue Grass Airport,Lexington (KY),US
1140BA,KCRW,CRW,Kanawha Airport,Charleston/Dunbar (WV),US
280646,LFPW,PAR,Paris Metropolitan Airport,Paris,FR
10911A,EDDM,MUC,Franz Josef Strauss Airport,Munich,DE
11911A,EDDM,MUC,Franz Josef Strauss Airport,Munich,DE
1090CA,LOWW,VIE,Vienna International Airport,Vienna,AT
10904A,EGCC,MAN,Manchester International Airport,Manchester,GB
10916A,EIDW,DUB,Dublin Airport,Dublin,IE
10905A,LFBO,TLS,Blagnac Airport,Toulouse,FR
11905A,LFBO,TLS,Blagnac Airport,Toulouse,FR
10F63B,LIML,LIN,Linate Airport,Milan,IT
10F64B,LIMC,MXP,Malpensa Airport,Milan,IT
10FA4B,LIRF,FCO,Fiumicino Airport,Rome,IT
10F66B,LIPZ,VCE,Marco Polo Airport,Venice,IT
109AAA,ESSA,ARN,Arlanda Airport,Stockholm,SE
119AAA,ESSA,ARN,Arlanda Airport,Stockholm,SE
20C9C5,ESSA,ARN,Arlanda Airport,Stockholm,SE
10903A,EKCH,CPH,Copenhagen Airport,Copenhagen,DK
11903A,EKCH,CPH,Copenhagen Airport,Copenhagen,DK
1090DA,LKPR,PRG,Prague-Ruzyne Airport,Prague,CZ
1190DA,LKPR,PRG,Prague-Ruzyne Airport,Prague,CZ
1090AA,LSGG,GVA,Geneve-Cointrin Airport,Geneva,CH
1190AA,LSGG,GVA,Geneve-Cointrin Airport,Geneva,CH
109B3A,EETN,TLL,Ulemiste Airport,Tallinn,EE
1018DA,CYQB,YQB,Quebec Airport,Quebec,CA
10285A,CYGP,YGP,Metropolitan Area Airport,Gaspe,CA
2358B7,KFVE,WFK,Northern Aroostook Regional Airport,Frenchville (ME),US
2358B8,KFVE,WFK,Northern Aroostook Regional Airport,Frenchville (ME),US
26D9B7,KMVM,MVM,Machias Valley Airport,Machias (ME),US
26D9B8,KMVM,MVM,Machias Valley Airport,Machias (ME),US
1022CA,KFVE,WFK,Northern Aroostook Regional Airport,Frenchville (ME),US
10308A,KFVE,WFK,Northern Aroostook Regional Airport,Frenchville (ME),US
230697,KFAT,FAT,Fresno Air Terminal Airport,Fresno (CA),US
230698,KFAT,FAT,Fresno Air Terminal Airport,Fresno (CA),US
10501A,KDFW,DFW,Dallas/Ft Worth International Airport,Dallas/Ft Worth (TX),US
20B438,KAMA,AMA,Amarillo  Airport,Amarillo (TX),US
10981A,EDDF,FRA,Frankfurt International Airport,Frankfurt,DE
11981A,EDDF,FRA,Frankfurt International Airport,Frankfurt,DE
109B0A,EDDT,TXL,Tegel Airport,Berlin,DE
119B0A,EDDT,TXL,Tegel Airport,Berlin,DE
109C5A,EDDP,LEJ,Leipzig/Halle Airport,Leipzig/Halle,DE
1090FA,EDDC,DRS,Dresden Airport,Dresden,DE
10FA8A,LIBD,BRI,Palese Airport,Bari,IT
10FA3B,LIRN,NAP,Naples Airport,Naples,IT
10F61A,LICA,SUF,Lamezia Terme International Airport (GS at Caraffa (QCZ)),Lamezia Terme,IT
10F62B,LICJ,PMO,Falcone Borsellino Airport (GS at Ustica (UIA)),Palermo,IT
2AA438,LICJ,PMO,Falcone Borsellino Airport (GS at Ustica (UIA),Palermo,IT
10922A,EPGD,GDN,Rebiechowo Airport,Gdansk,PL
11922A,EPGD,GDN,Rebiechowo Airport,Gdansk,PL
1099AA,LHBP,BUD,Ferihegy Airport,Budapest,HU
109A3A,LDSP,SPU,Split Airport,Split,HR
109A2A,LDDU,DBV,Dubrovnik Airport,Dubrovnik,HR
109B7A,LATI,TIA,Rinas Airport,Tirana,AL
1022AA,FAOR,JNB,Johannesburg O.R.Tambo International Airport,Johannesburg,ZA
253857,FAOR,JNB,Johannesburg O.R.Tambo International Airport,Johannesburg,ZA
10229A,FALE,DUR,King Shaka Airport,Durban,ZA
225657,FALE,DUR,King Shaka Airport,Durban,ZA
21A485,KCID,CID,The Eastern Iowa Airport,Cedar Rapids (IA),US
103C3A,KCID,CID,The Eastern Iowa Airport,Cedar Rapids (IA),US
10404A,KLAS,LAS,Mc Carran International Airport,Las Vegas (NV),US
1050FA,KLAS,LAS,Mc Carran International Airport,Las Vegas (NV),US
12404A,KLAS,LAS,Mc Carran International Airport,Las Vegas (NV),US
1050DA,KCVG,CVG,Cincinnati/ Northern Kentucky International Airpor,Covington (KY),US
1150D2,KCVG,CVG,Cincinnati/ Northern Kentucky International Airpor,Covington (KY),US
102A9A,KDSM,DSM,Des Moines Muncipal Airport,Des Moines (IA),US
279318,KODX,ODX,Evelyn Sharp Field Airport,Ord (NE),US
234C98,KFSD,FSD,Regional Joe Foss Field Airport,Sioux Falls (SD),US
10907A,LFML,MRS,Marseille Airport,Marseille,FR
10985A,LFMN,NCE,Cote D Azur Airport,Nice,FR
11985A,LFMN,NCE,Cote D Azur Airport,Nice,FR
10942A,LFSB,MLH,EuroAirport French,Mulhouse France/Basel,CH
11942A,LFSB,MLH,EuroAirport French,Mulhouse France/Basel,CH
109A5A,LEGR,GRX,Granada Airport,Granada,ES
109A6A,LEAS,OVD,Asturias Airport,Asturias,ES
119A6A,LEAS,OVD,Asturias Airport,Asturias,ES
109A8A,LEZG,ZAZ,Zaragoza Airport,Zaragoza,ES
119A8A,LEZG,ZAZ,Zaragoza Airport,Zaragoza,ES
10929A,GCXO,TFN,Norte Los Rodeos Airport,Tenerife,ES
109A7A,GCTS,TFS,Sur Reina Sofia Airport,Tenerife,ES
10915A,LPFR,FAO,Faro Airport,Faro,PT
109AEA,LPPR,OPO,Porto Airport,Porto,PT
101A2A,GMMN,CMN,Mohamed V Airport,Casablanca,MA
10322A,GMMX,RAK,Menara Airport,Marrakech,MA
21A837,GMMX,CJA,Menara Airport,Marrakech,MA
299CD8,KSGF,SGF,Springfield Regional Airport,Springfield (MO),US
23C858,KGRB,GRB,Austin/Straubel Airport,Green Bay/Clintonville (WI),US
279317,KODX,ODX,Evelyn Sharp Field Airport,Ord (NE),US
2341F7,MYGF,FPO,Grand Bahama International Airport,Freeport,BS
26E218,LIMC,MXP,Malpensa Airport,Milan,IT
22CC57,LTAC,ESB,Esenboga Airport,Ankara,TR
23D838,LSGG,GVA,Geneve-Cointrin Airport,Geneva,CH
2D4919,LSZH,ZRH,Zurich Airport,Zurich,CH
10A41A,NZAA,AKL,Auckland International Airport,Auckland,NZ
F04861,SBBR,BSB,Brasilia International Airport,Brasilia,BR
F04862,SBBR,BSB,Brasilia International Airport,Brasilia,BR
11555A,KDAL,DAL,Dallas Love Field Airport,Dallas (TX),US
274737,EGHQ,NQY,Newquay Airport,Newquay,GB
11F63A,LIML,LIN,Linate Airport,Milan,IT
2625C5,LIML,LIN,Linate Airport,Milan,IT
11FA5A,LIMC,MXP,Malpensa Airport,Milan,IT
12FA5A,LIMC,MXP,Malpensa Airport,Milan,IT
26E205,LIMC,MXP,Malpensa Airport,Milan,IT
11FA4B,LIRF,FCO,Fiumicino Airport,Rome,IT
12FA4B,LIRF,FCO,Fiumicino Airport,Rome,IT
230DE1,LIRF,FCO,Fiumicino Airport,Rome,IT
230DE2,LIRF,FCO,Fiumicino Airport,Rome,IT
230DE6,LIRF,FCO,Fiumicino Airport,Rome,IT
109A1A,EPPO,POZ,Lawica Airport,Poznan,PL
109A0A,EPKK,KRK,J  Paul II Balice International Airport,Krakow,PL
10921A,EPWR,WRO,Strachowice Airport,Wroclaw,PL
109C1A,LEMD,MAD,Barajas Airport,Madrid,ES
119C1A,LEMD,MAD,Barajas Airport,Madrid,ES
F06420,SBPA,POA,Salgado Filho Airport,Porto Alegre,BR
2190E2,LFPG,CDG,Charles De Gaulle Airport,Paris,FR
12942A,LFSB,MLH,EuroAirport French,Mulhouse France/Basel,CH
109ABA,ENGM,OSL,Oslo Airport,Oslo,NO
119ABA,ENGM,OSL,Oslo Airport,Oslo,NO
10316A,KSNA,SNA,John Wayne International Airport,Santa Ana (CA),US
10556A,KSNA,SNA,John Wayne International Airport,Santa Ana (CA),US
10946A,EDDV,HAJ,Hanover Airport,Hanover,DE
109869,EKBI,BLL,Billund Airport,Billund,DK
11986A,EKBI,BLL,Billund Airport,Billund,DK
11F63B,LIML,LIN,Linate Airport,Milan,IT
2625C6,LIML,LIN,Linate Airport,Milan,IT
1021CA,KCRQ,CLD,McClellan–Palomar,Carlsbad (CA),US
260D17,KLCH,LCH,Lake Charles Regional Airport,Lake Charles (LA),US
260D18,KLCH,LCH,Lake Charles Regional Airport,Lake Charles (LA),US
27AC78,KOKC,OKC,Will Rogers World Airport,Oklahoma City (OK),US
2A5598,KTUL,TUL,Tulsa International Airport,Tulsa (OK),US
119C5A,EDDP,LEJ,Leipzig/Halle Airport,Leipzig/Halle,DE
264D37,EGPB,LSI,Sumburgh Airport,Shetland Islands,GB
1090EA,EGPO,SYY,Stornoway Airport,Stornoway Outer Stat Hebrides,GB
1098EA,EGPO,SYY,Stornoway Airport,Stornoway Outer Stat Hebrides,GB
10913A,EGPB,LSI,Sumburgh Airport,Shetland Islands,GB
10992A,EGPB,LSI,Sumburgh Airport,Shetland Islands,GB
10995A,EIBN,BYT,Bantry Airport,Bantry,IE
10996A,EIBT,BLY,Belmullet Airport,Belmullet,IE
1098CA,LFRS,NTE,Nantes Atlantique Airport,Nantes,FR
10F64A,LIMC,MXP,Malpensa Airport,Milan,IT
10FA5B,LIMC,MXP,Malpensa Airport,Milan,IT
10F69A,LIME,BGY,Orio Al Serio Airport,Milan,IT
10F68A,LIMF,TRN,Citta Di Torino Airport,Turin,IT
10FA7A,LIPE,BLQ,Guglielmo Marconi Airport,Bologna,IT
10FA7B,LIPE,BLQ,Guglielmo Marconi Airport,Bologna,IT
10F65A,LIRF,FCO,Fiumicino Airport,Rome,IT
10F65B,LIRF,FCO,Fiumicino Airport,Rome,IT
10FA4A,LIRF,FCO,Fiumicino Airport,Rome,IT
10F66A,LIPZ,VCE,Marco Polo Airport,Venice,IT
10F67A,LIBR,BDS,Papola Casale Airport,Brindisi,IT
10FA3A,LIRN,NAP,Naples Airport,Naples,IT
10F60B,LIEA,AHO,Fertilia Airport,Alghero,IT
10FA0A,LIEE,CAG,Elmas Airport,Cagliari,IT
10FA0B,LIEE,CAG,Elmas Airport,Cagliari,IT
10999A,ESSA,ARN,Arlanda Airport,Stockholm,SE
10908A,ENGM,OSL,Oslo Airport,Oslo,NO
10994A,EKCH,CPH,Copenhagen Airport,Copenhagen,DK
10990A,LSGG,GVA,Geneve-Cointrin Airport,Geneva,CH
25D5C5,EYKA,KUN,Kaunas Airport,Kaunas,LT
10923A,LDZA,ZAG,Pleso Airport,Zagreb,HR
109CAA,LGAV,ATH,Eleftherios Venizelos International Airport,Athens,GR
10297A,MYGF,FPO,Grand Bahama International Airport,Freeport,BS
11145A,KBUF,BUF,Niagara International Airport,Buffalo (NY),US
270677,MYNN,NAS,Nassau International Airport,Nassau,BS
2912A5,KRDU,RDU,Raleigh Durham Airport,Raleigh/Durham (NC),US
10F61B,LICA,SUF,Lamezia Terme International Airport (GS at Caraffa (QCZ)),Lamezia Terme,IT
10F62A,LICJ,PMO,Falcone Borsellino Airport (GS at Ustica (UIA)),Palermo,IT
23AA97,KGJT,GJT,Walker Field Airport,Grand Junction (CO),US
10506A,KMSP,MSP,Minneapolis St Paul International Airport,Minneapolis/St  Paul (MN),US
10206A,KSLC,SLC,Salt Lake International Airport,Salt Lake City (UT),US
1050EA,KSLC,SLC,Salt Lake International Airport,Salt Lake City (UT),US
10213A,KAUS,AUS,Austin - Bergstrom International Airport,Austin (TX),US
10149A,KHOU,HOU,William P Hobby Airport,Houston (TX),US
10517A,KHOU,HOU,William P Hobby Airport,Houston (TX),US
11517A,KHOU,HOU,William P Hobby Airport,Houston (TX),US
10143A,KIAH,IAH,Houston Intercontinental Airport,Houston (TX),US
10549A,KIAH,IAH,Houston Intercontinental Airport,Houston (TX),US
1040AA,KSAT,SAT,San Antonio International Airport,San Antonio (TX),US
264898,KLRD,LRD,Laredo International Airport,Laredo (TX),US
224A97,KDRT,DRT,Del Rio International Airport,Del Rio (TX),US
10306A,KMSY,MSY,Louis Armstrong International Airport,New Orleans (LA),US
10395A,KLCH,LCH,Lake Charles Regional Airport,Lake Charles (LA),US
292E78,KRKS,RKS,Rock Springs Sweetwater County Airport,Rock Springs (WY),US
10925A,EGJJ,JER,States Airport,Jersey,GB
260D05,KLCH,LCH,Lake Charles Regional Airport,Lake Charles (LA),US
213E65,KBOS,BOS,Logan International Airport,Boston (MA),US
10464A,KBNA,BNA,Nashville Metropolitan Airport,Nashville (TN),US
10341A,KBNA,BNA,Nashville Metropolitan Airport,Nashville (TN),US
11341A,KBNA,BNA,Nashville Metropolitan Airport,Nashville (TN),US
11405A,KEWR,EWR,Newark Liberty International Airport,Newark (NJ),US
1134DA,KBOS,BOS,Logan International Airport,Boston (MA),US
10541A,KMCI,MCI,Kansas City International Airport,Kansas City (MO),US
11541A,KMCI,MCI,Kansas City International Airport,Kansas City (MO),US
1034EA,KSDF,SDF,Standiford Field Airport,Louisville (KY),US
10355A,KLBB,LBB,Preston Smith International Airport,Lubbock (TX),US
2684D8,KMAF,MAF,Midland International Airport,Midland/Odessa (TX),US
1040FA,KPHX,PHX,Sky Harbor International Airport,Phoenix (AZ),US
1140FA,KPHX,PHX,Sky Harbor International Airport,Phoenix (AZ),US
10101A,KBTR,BTR,Ryan Airport,Baton Rouge (LA),US
10156A,KLFT,LFT,Lafayette Regional Airport,Lafayette (LA),US
1034BA,KJAN,JAN,Jackson - Evers International Airport,Jackson/Vicksburg (MS),US
1134BA,KJAN,JAN,Jackson - Evers International Airport,Jackson/Vicksburg (MS),US
10356A,KBFM,BFM,Mobile Aerospace,Mobile (AL),US
1014BA,KLIT,LIT,Adams Field Airport,Little Rock (AR),US
1114BA,KLIT,LIT,Adams Field Airport,Little Rock (AR),US
1020FA,KOKC,OKC,Will Rogers World Airport,Oklahoma City (OK),US
1120FA,KOKC,OKC,Will Rogers World Airport,Oklahoma City (OK),US
282657,KPIR,PIR,Pierre Municipal Airport,Pierre (SD),US
10286A,CYQU,YQU,Grande Prairie Airport,Grande Prairie,CA
10289A,CYMM,YMM,Fort McMurray Airport,Fort McMurray,CA
1058AA,MMMX,MEX,Juarez International Airport,Mexico City,MX
1058BA,MMMX,MEX,Juarez International Airport,Mexico City,MX
105C3A,MMSP,SLP,San Luis Potosi Airport,San Luis Potosi,MX
109C2A,LFLC,CFE,Aulnat Airport,Clermont-Ferrand,FR
119C2A,LFLC,CFE,Aulnat Airport,Clermont-Ferrand,FR
11FA4A,LIRF,FCO,Fiumicino Airport,Rome,IT
230DE5,LIRF,FCO,Fiumicino Airport,Rome,IT
10C01A,VHHH,HKG,Hong Kong International Airport,Hong Kong,HK
10C1FA,VMMC,MFM,Macau Airport,Macau,MO
10C90A,VMMC,MFM,Macau Airport,Macau,MO
10C95A,ZSAM,XMN,Xiamen Airport,Xiamen,CN
10CCAB,ZGGG,CAN,Baiyun Airport,Guangzhou,CN
10CCDA,ZGGG,CAN,Baiyun Airport,Guangzhou,CN
10CD0A,ZGNN,NNG,Nanning Airport,Nanning,CN
10D00A,ZJHK,HAK,Haikou Airport,Haikou,CN
10D05A,ZJHK,HAK,Haikou Airport,Haikou,CN
298837,KSBA,SBA,Santa Barbara Municipal Airport,Santa Barbara (CA),US
211E45,KBGR,BGR,Bangor International Airport,Bangor (ME),US
10452A,KMKE,MKE,General Mitchell Field Airport,Milwaukee (WI),US
10191A,KMSN,MSN,Truax Field Airport,Madison (WI),US
10144A,KMEM,MEM,Memphis International Airport,Memphis (TN),US
104DCA,KMEM,MEM,Memphis International Airport,Memphis (TN),US
10544A,KMEM,MEM,Memphis International Airport,Memphis (TN),US
10284A,KDBQ,DBQ,Dubuque Municipal Airport,Dubuque (IA),US
101C2A,KDVT,DVT,Phoenix Deer Valley,Phoenix (AZ),US
230DF9,LIRF,FCO,Fiumicino Airport,Rome,IT
F00225,RJCK,KUH,Kushiro Airport,Kushiro,JP
F0023D,RJCC,CTS,Chitose Airport,Sapporo,JP
F0023E,RJCC,CTS,Chitose Airport,Sapporo,JP
F0029E,RJGG,NGO,Chubu Centrair International Airport,Nagoya,JP
F0029F,RJGG,NGO,Chubu Centrair International Airport,Nagoya,JP
F002A0,RJOO,ITM,Itami Airport,Osaka,JP
F002A1,RJOO,ITM,Itami Airport,Osaka,JP
F002A2,RJOO,ITM,Itami Airport,Osaka,JP
F002A3,RJOO,ITM,Itami Airport,Osaka,JP
F002BC,RJOH,YGJ,Miho Airport,Yonago,JP
F002BD,RJOH,YGJ,Miho Airport,Yonago,JP
F0031E,ROAH,OKA,Naha Airport,Okinawa,JP
F00323,ROIG,ISG,Ishigaki Airport,Ishigaki,JP
F00324,ROIG,ISG,Ishigaki Airport,Ishigaki,JP
F00629,RJSS,SDJ,Sendai Airport,Sendai,JP
F0062A,RJSS,SDJ,Sendai Airport,Sendai,JP
F0062B,RJSN,KIJ,Niigata Airport,Niigata,JP
F0062C,RJSN,KIJ,Niigata Airport,Niigata,JP
F0062F,RJTH,HAC,Hachijo Jima Airport,Hachijo Jima,JP
F00630,RJTH,HAC,Hachijo Jima Airport,Hachijo Jima,JP
F07538,SBRF,REC,Guararapes International Airport,Recife,BR
1011BA,CYYJ,YYJ,Victoria International Airport,Victoria,CA
10401A,KBLI,BLI,Bellingham International Airport,Bellingham (WA),US
102E5A,KGGW,GGW,Glasgow International Airport,Glasgow (MT),US
233A85,KFNT,FNT,Bishop Airport,Flint (MI),US
1031CA,CYCD,YCD,Nanaimo Airport,Nanaimo,CA
1049BA,CYZT,YZT,Port Hardy Airport,Port Hardy,CA
F0499C,SBSG,NAT,Greater Natal International Airport,Natal,BR
F05B78,SDAM,,Campo dos Amarais Airport,Campinas,BR
26CF38,KMSY,MSY,Louis Armstrong International Airport,New Orleans (LA),US
270617,LIRN,NAP,Naples Airport,Naples,IT
10113A,KOMA,OMA,Eppley Airfield Airport,Omaha (NE),US
109A9A,EIDW,DUB,Dublin Airport,Dublin,IE
10933A,EVRA,RIX,Riga Airport,Riga,LV
1015CA,KSMX,SMX,Santa Maria Public Airport,Santa Maria (CA),US
1019AA,KMOD,MOD,Modesto City County Airport,Modesto (CA),US
10216A,KMFR,MFR,Medford Jackson County Airport,Medford (OR),US
10240A,KACV,ACV,Arcata/Eureka Airport,Eureka/Arcata (CA),US
10244A,KEUG,EUG,Mahlon Sweet Field Airport,Eugene (OR),US
10245A,KRNO,RNO,Reno International Airport,Reno (NV),US
10251A,KRDM,RDM,Roberts Field Airport,Bend/Redmond (OR),US
1026AA,KSTS,STS,Sonoma County Airport,Santa Rosa (CA),US
102A0A,KVNY,VNY,Airport,Los Angeles (CA),US
102D5A,KOTH,OTH,North Bend Municipal Airport,North Bend/Coos Bay (OR),US
10315A,KSMF,SMF,Sacramento Metropolitan Airport,Sacramento (CA),US
10350A,KLMT,LMT,Kingsley Field Airport,Klamath Falls (OR),US
10365A,KPDX,PDX,Portland International Airport,Portland (OR),US
1040CA,KSBA,SBA,Santa Barbara Municipal Airport,Santa Barbara (CA),US
10440A,KRDD,RDD,Redding Municipal Airport,Redding (CA),US
10443A,KPDX,PDX,Portland International Airport,Portland (OR),US
1044BA,KBFL,BFL,Meadows Field Airport,Bakersfield (CA),US
1045BA,KSBP,SBP,San Luis Obispo County Airport,San Luis Obispo/Paso Robls (CA),US
121C1A,KPAE,PAE,Snohomish County Paine Field Airport,Everett (WA),US
268D25,KMCI,MCI,Kansas City International Airport,Kansas City (MO),US
29D185,KSTL,STL,Lambert International Airport,St  Louis (MO),US
299CC5,KSGF,SGF,Springfield Regional Airport,Springfield (MO),US
224DA5,KDSM,DSM,Des Moines Muncipal Airport,Des Moines (IA),US
263965,KLNK,LNK,Lincoln Municipal Airport,Lincoln (NE),US
262685,KLIT,LIT,Adams Field Airport,Little Rock (AR),US
248E85,KICT,ICT,Mid-Continent Airport,Wichita (KS),US
248E98,KICT,ICT,Mid-Continent Airport,Wichita (KS),US
221065,KDDC,DDC,Dodge City Municipal Airport,Dodge City (KS),US
10934A,EDDL,DUS,Dusseldorf Airport,Dusseldorf,DE
1094AA,LFQQ,LIL,Lesquin Airport,Lille,FR
2235B7,OEDF,DMM,King Fahad International Airport,Dammam,SA
223D17,OTHH,DOH,Hamad International Airport,Doha,QA
223D18,OTHH,DOH,Hamad International Airport,Doha,QA
223D19,OTHH,DOH,Hamad International Airport,Doha,QA
225C77,OMDW,DWC,Al Maktoum International Airport,Dubai,AE
225C78,OMDW,DWC,Al Maktoum International Airport,Dubai,AE
226057,OMDB,DXB,Dubai Airport,Dubai,AE
226058,OMDB,DXB,Dubai Airport,Dubai,AE
226059,OMDB,DXB,Dubai Airport,Dubai,AE
20D517,OMAA,AUH,Abu Dhabi International Airport,Abu Dhabi,AE
20D518,OMAA,AUH,Abu Dhabi International Airport,Abu Dhabi,AE
29A157,OMSJ,SHJ,Sharjah Airport,Sharjah,AE
29A158,OMSJ,SHJ,Sharjah Airport,Sharjah,AE
210517,OBBI,BAH,Bahrain International Airport,Bahrain,BH
210518,OBBI,BAH,Bahrain International Airport,Bahrain,BH
2986C5,KSAV,SAV,Savannah / Hilton Head International Air Airport,Savannah (GA),US
24B885,KIND,IND,Indianapolis International Airport,Indianapolis (IN),US
21CAE5,KCRW,CRW,Kanawha Airport,Charleston/Dunbar (WV),US
2990C5,KSDF,SDF,Standiford Field Airport,Louisville (KY),US
213825,KBNA,BNA,Nashville Metropolitan Airport,Nashville (TN),US
2695A5,KMEM,MEM,Memphis International Airport,Memphis (TN),US
10100A,KSUX,SUX,Sioux City Municipal Airport,Sioux City (IA),US
29A2C5,KSHV,SHV,Shreveport Regional Airport,Shreveport (LA),US
282658,KPIR,PIR,Pierre Municipal Airport,Pierre (SD),US
10402A,MDSD,SDQ,Las Americas Airport,Santo Domingo,DO
20EA77,MDCY,AZS,Samana Airport,Samana,DO
20EA78,MDCY,AZS,Samana Airport,Samana,DO
283277,MBPV,PLS,Providenciales International Airport,Providenciales,TC
283278,MBPV,PLS,Providenciales International Airport,Providenciales,TC
2BC9F7,EPWR,WRO,Strachowice Airport,Wroclaw,PL
295517,OERK,RUH,King Khaled International Airport,Riyadh,SA
295518,OERK,RUH,King Khaled International Airport,Riyadh,SA
269497,OEMA,MED,Mohammad Bin Abdulaziz Airport,Madinah,SA
269498,OEMA,MED,Mohammad Bin Abdulaziz Airport,Madinah,SA
251497,OEJN,JED,King Abdulaziz International Airport,Jeddah,SA
251498,OEJN,JED,King Abdulaziz International Airport,Jeddah,SA
268E97,OOMS,MCT,Seeb Airport,Muscat,OM
268E98,OOMS,MCT,Seeb Airport,Muscat,OM
29B197,OOSA,SLL,Salalah Airport,Salalah,OM
29B198,OOSA,SLL,Salalah Airport,Salalah,OM
10A48A,YSCB,CBR,Canberra Airport,Canberra,AU
10AD4A,YWLM,NTL,Williamtown Airport,Newcastle,AU
F0031D,ROAH,OKA,Naha Airport,Okinawa,JP
10AD5A,YCFS,CFS,Coffs Harbour Airport,Coffs Harbour,AU
10AC9A,YNYN,NYN,Nyngan Airport,Nyngan,AU
102CBA,----,OIA,Green Canyon 19 Offshore Gulf of Mexico,Green Canyon 19 GM,US
2204F7,KDAG,DAG,Barstow/Daggett Airport,Daggett (CA),US
213117,KBLH,BLH,Blythe  Airport,Blythe (CA),US
281C37,KPGA,PGA,Page  Airport,Page (AZ),US
281C38,KPGA,PGA,Page  Airport,Page (AZ),US
29B717,KSMX,SMX,Santa Maria Public Airport,Santa Maria (CA),US
11306A,KMSY,MSY,Louis Armstrong International Airport,New Orleans (LA),US
104D3A,MTPP,PAP,Mais Gate Airport,Port Au Prince,HT
11FA5B,LIMC,MXP,Malpensa Airport,Milan,IT
26E206,LIMC,MXP,Malpensa Airport,Milan,IT
109C6A,LTFM,IFR,Istanbul New Airport,Istanbul,TR
24CE9A,LTFM,IST,Istanbul New Airport,Istanbul,TR
2D4903,LSZH,ZRH,Zurich Airport,Zurich,CH
1199AA,LHBP,BUD,Ferihegy Airport,Budapest,HU
10A5BA,WMKK,KUL,Kuala Lumpur International Airport,Kuala Lumpur,MY
10125A,KGCK,GCK,Garden City Municipal Airport,Garden City (KS),US
10192A,KSPI,SPI,Capital Airport,Springfield (IL),US
102CFA,KSUS,SUS,Spirit Of St  Louis Airport,St  Louis (MO),US
102E2A,KMHK,MHK,Manhattan Municipal Airport,Manhattan/Ft  Riley (KS),US
1030DA,KPSP,PSP,Palm Springs Municipal Airport,Indio/Palm Springs (CA),US
1030EA,CYLW,YLW,Kelowna Airport,Kelowna,CA
10317A,KDRO,DRO,Durango La Plata County Airport,Durango (CO),US
1035AA,KSBN,SBN,Michiana Regional Airport,South Bend (IN),US
10392A,KCMI,CMI,University Of Illinois/Willard Airport,Champaign/Urbana (IL),US
10422A,KSAF,SAF,Santa Fe County Municipal Airport,Santa Fe (NM),US
10444A,KGCK,GCK,Garden City Municipal Airport,Garden City (KS),US
10448A,KSGF,SGF,Springfield Regional Airport,Springfield (MO),US
1044AA,KGUP,GUP,Senator Clarke Field Airport,Gallup (NM),US
10455A,KBMI,BMI,Bloomington/Normal Airport,Bloomington (IL),US
10459A,KMLI,MLI,Quad/City Airport,Moline (IL),US
10484A,CYCG,YCG,Castlegar Airport,Castlegar,CA
10488A,CYQD,YQD,The Pas Airport,The Pas,CA
10496A,CZML,ZMH,108 Mile Ranch Airport,108 Mile Ranch,CA
104DBA,KPWK,PWK,Pal/Waukee Airport,Chicago (IL),US
221078,KDDC,DDC,Dodge City Municipal Airport,Dodge City (KS),US
260438,KLAA,LAA,Lamar Municipal Airport,Lamar (CO),US
2692E5,KMDW,MDW,Chicago Midway Airport,Chicago (IL),US
27C885,KORD,ORD,O Hare Airport,Chicago (IL),US
10118A,KPIA,PIA,Greater Peoria Airport,Peoria (IL),US
1030BA,KWMS,,,Williams (AZ),US
104D5A,KIWA,AZA,Phoenix–Mesa Gateway Airport,Mesa (AZ),US
10248A,KGPI,FCA,Glacier Park International Airport,Kalispell (MT),US
11946A,EDDV,HAJ,Hanover Airport,Hanover,DE
109B2A,LOWG,GRZ,Thalerhof Airport,Graz,AT
214A78,EGGD,BRS,Bristol Airport,Bristol,GB
2AA437,LICJ,PMO,Falcone Borsellino Airport (GS at Ustica (UIA)),Palermo,IT
10936A,EPRZ,RZE,Jasionka Airport,Rzeszow,PL
109B1A,OTHH,DOH,Hamad International Airport,Doha,QA
10362A,OMDW,DWC,Al Maktoum International Airport,Dubai,AE
1194AA,LFQQ,LIL,Lesquin Airport,Lille,FR
2D4905,LSZH,ZRH,Zurich Airport,Zurich,CH
274725,EGHQ,NQY,Newquay Airport,Newquay,GB
10F67B,LIBR,BDS,Papola Casale Airport,Brindisi,IT
10949A,EGMC,SEN,London Southend Airport,Southend-on-Sea,GB
11949A,EGMC,SEN,London Southend Airport,Southend-on-Sea,GB
10219A,KDHN,DHN,Dothan Regional Airport,Dothan (AL),US
10492A,KECP,ECP,Northwest Florida Beaches International Airport,Panama CIty (FL),US
10116A,KFAR,FAR,Hector Field Airport,Fargo (ND),US
10210A,KABQ,ABQ,Albuquerque International Airport,Albuquerque (NM),US
10217A,KFWA,FWA,Fort Wayne,Fort Wayne (IN),US
1034CA,KXNA,XNA,Northwest Arkansas Regional Airport,Fayetteville (AR),US
10351A,KATW,ATW,Outagamie County Airport,Appleton (WI),US
103C1A,KICT,ICT,Mid-Continent Airport,Wichita (KS),US
10424A,KICT,ICT,Mid-Continent Airport,Wichita (KS),US
1054FA,KPHX,PHX,Sky Harbor International Airport,Phoenix (AZ),US
211037,TXKF,BDA,Bermuda International Airport,Bermuda,BM
1038CA,KMGM,MGM,Dannelly Field Airport,Montgomery (AL),US
298838,KSBA,SBA,Santa Barbara Municipal Airport,Santa Barbara (CA),US
2985D9,KSAN,SAN,San Diego International Lindbergh Field Airport,San Diego (CA),US
2A4917,KTRH,TRH,Trona Airport,Trona (CA),US
2B30B7,KVLE,VLE,Valle airport (40G),Valle (AZ),US
10354A,KLNK,LNK,Lincoln Municipal Airport,Lincoln (NE),US
10486A,KGTR,GTR,Golden Triangle Regional Airport,Columbus (MS),US
10498A,KMEI,MEI,Key Field Airport,Meridian (MS),US
10943A,EDDF,FRA,Frankfurt International Airport,Frankfurt,DE
209057,LTBJ,ADB,Adnan Menderes Airport,Izmir,TR
10223A,DTTA,TUN,Carthage Airport,Tunis,TN
10383A,OMDB,DXB,Dubai Airport,Dubai,AE
101C0A,KBFI,BFI,King County -Boeing Field Airport,Seattle (WA),US
10489A,KGGT,GGT,Exuma International Airport,GeorgeTown,BS
10906A,ESSA,ARN,Arlanda Airport,Stockholm,SE
10914A,EGXB,GSY,Normanby Le Wold,Binbrook,UK
11914A,EGXB,GSY,Normanby Le Wold,Binbrook,UK
10917A,ESOK,KSD,Karlstad Airport,Karlstad,SE
10918A,ESNZ,OSD,Ostersund Sweden,Ostersund,SE
1091BA,LHBP,BUD,Ferihegy Airport,Budapest,HU
10928A,LEST,SCQ,Santiago De Compostela Airport,Santiago De Compostela,ES
1092DA,LEZL,SVQ,Sevilla Airport,Sevilla,ES
10984A,LFLL,LYS,Lyon Satolas Airport,Lyon,FR
10998A,ESDF,RNB,Kallinge Airport,Ronneby,SE
10F60A,LIEA,AHO,Fertilia Airport,Alghero,IT
10F69B,LIME,BGY,Orio Al Serio Airport,Milan,IT
10FA5A,LIMC,MXP,Malpensa Airport,Milan,IT
10FA6A,LIRA,CIA,Ciampino Airport,Rome,IT
11904A,EGNT,NCL,Newcastle Airport,Newcastle,GB
11928A,LEST,SCQ,Santiago De Compostela Airport,Santiago De Compostela,ES
11984A,LFLL,LYS,Lyon Satolas Airport,Lyon,FR
11998A,ESDF,RNB,Kallinge Airport,Ronneby,SE
219A77,YCFS,CFS,Coffs Harbour Australia,Coffs Harbour,AU
24CD97,LTBA,ISL,Ataturk Airport,Istanbul,TR
24CD98,LTBA,ISL,Ataturk Airport,Istanbul,TR
24CD9A,LTBA,ISL,Ataturk Airport,Istanbul,TR
24CE81,LTFM,IST,Istanbul New Airport,Istanbul,TR
24CE97,LTFM,IST,Istanbul New Airport,Istanbul,TR
24CE98,LTFM,IST,Istanbul New Airport,Istanbul,TR
12FA5B,LIMC,MXP,Malpensa Airport,Milan,IT
26E202,LIMC,MXP,Malpensa Airport,Milan,IT
102DBA,KEVV,EVV,Evansville Dress Regional Airport,Evansville (IN),US
1050CA,KSDF,SDF,Standiford Field Airport,Louisville (KY),US
22E6F8,KEYW,EYW,Key West International Airport,Key West (FL),US
10937A,LYBE,BEG,Beograd Airport,Belgrade,RS
219077,KCDC,CDC,Cedar City Municipal Airport,Cedar City (UT),US
225037,KDTA,DTA,Delta Municipal Airport,Delta (UT),US
11925A,EGJJ,JER,States Airport,Jersey,GB
1198CA,LFRS,NTE,Nantes Atlantique Airport,Nantes,FR
20E697,LTAI,AYT,Antalya Airport,Antalya,TR
27B058,LIEO,OLB,Costa Smeralda Airport,Olbia,IT
1026EA,KDAG,DAG,Barstow/Daggett Airport,Daggett (CA),US
10103A,KEDW,EDW,Edwards Ca Airport,Edwards (CA),US
213E79,KBOS,BOS,Logan International Airport,Boston (MA),US
208D65,KACK,ACK,Nantucket Memorial Airport,Nantucket (MA),US
1092AA,LMML,MLA,Luqa Airport,Malta,MT
1045DA,MBPV,PLS,Providenciales International Airport,Providenciales,TC
104E1A,TJBQ,BQN,Borinquen Airport,Aguadilla,PR
10228A,TJSJ,SJU,Luis Munoz Marin International Airport,San Juan,PR
10551A,TJSJ,SJU,Luis Munoz Marin International Airport,San Juan,PR
26C525,KMQI,MQI,Dare County Regional Airport,Manteo (NC),US
12984A,LFLL,LYS,Lyon Satolas Airport,Lyon,FR
1094EA,EGLL,LHR,Heathrow Airport,London,GB
1194EA,EGLL,LHR,Heathrow Airport,London,GB
25D598,WMKK,KUL,Kuala Lumpur International Airport,Kuala Lumpur,MY
2815D7,WMKP,PEN,Penang International Airport,Penang,MY
10945A,OMDB,DXB,Dubai Airport,Dubai,AE
2304B7,EKVG,FAE,Vagar Airport,Faroe Islands,FO
26BD97,ENML,MOL,Aro Airport,Molde,NO
10419A,KRFD,RFD,Chicago / Rockford International Airport,Rockford (IL),US
10225A,LTAI,AYT,Antalya Airport,Antalya,TR
10301A,KFSD,FSD,Regional Joe Foss Field Airport,Sioux Falls (SD),US
10302A,KDSM,DSM,Des Moines Muncipal Airport,Des Moines (IA),US
10321A,KMSP,MSP,Minneapolis St Paul International Airport,Minneapolis/St  Paul (MN),US
10325A,UKBB,KBP,Kiev-Borispol Airport,Kiev,UA
1035CA,KRST,RST,Rochester International Airport,Rochester (MN),US
10399A,KLSE,LSE,La Crosse Municipal Airport,La Crosse (WI),US
10924A,LIPQ,TRS,Dei Legionari Airport,Trieste,IT
23C845,KGRB,GRB,Austin/Straubel Airport,Green Bay/Clintonville (WI),US
2B0CB7,LIPZ,VCE,Marco Polo Airport,Venice,IT
1029FA,KACK,ACK,Nantucket Memorial Airport,Nantucket (MA),US
10280A,KBLV,BLV,Scott Air Force Base,Belleville (IL),US
102D6A,KUGN,UGN,Waukegan Memorial Airport,Waukegan (IL),US
102DAA,KFTY,FTY,Fulton County/Brown Airport,Atlanta (GA),US
220458,KDAB,DAB,Daytona Beach Regional Airport,Daytona Beach (FL),US
105844,KCHS,CHS,Charleston International Airport,Charleston (SC),US
105854,KGSO,GSO,Greensboro High Point Winst Airport,Greensboro/High Point (NC),US
219757,KCEZ,CEZ,Cortez Montezuma County Airport,Cortez (CO),US
224A98,KDRT,DRT,Del Rio International Airport,Del Rio (TX),US
2A6757,KTYL,TYZ,Taylor Airport,Taylor (AZ),US
10932A,EGEW,WRY,Westray Airport,Westray,GB
11207A,KFAT,FAT,Fresno Air Terminal Airport,Fresno (CA),US
208E85,KACT,ACT,Waco Municipal Airport,Waco (TX),US
208ED7,KACV,ACV,Arcata/Eureka Airport,Eureka/Arcata (CA),US
20B425,KAMA,AMA,Amarillo  Airport,Amarillo (TX),US
212597,KBIL,BIL,Logan International Airport,Billings (MT),US
213118,KBLH,BLH,Blythe  Airport,Blythe (CA),US
2169D7,KBZN,BZN,Gallatin Field Airport,Bozeman (MT),US
2215C5,KDEN,DEN,Denver International Airport,Denver (CO),US
221AE5,KDFW,DFW,Dallas/Ft Worth International Airport,Dallas/Ft Worth (TX),US
22DAC5,KEVV,EVV,Evansville Dress Regional Airport,Evansville (IN),US
2322B7,KFHU,FHU,Libby Army Air Field /Sierra Vista Municipal Airpo,Fort Huachuca (AZ),US
234DA5,KFSM,FSM,Fort Smith Regional Airport,Fort Smith (AR),US
239EF7,KGGW,GGW,Glasgow International Airport,Glasgow (MT),US
2411D7,KHDN,HDN,Hayden Airport,Steamboat Springs/Hayden (CO),US
248505,KIAH,IAH,Houston Intercontinental Airport,Houston (TX),US
249037,KIDA,IDA,Fanning Field Airport,Idaho Falls (ID),US
260705,KLAX,LAX,Los Angeles International Airport,Los Angeles (CA),US
265E77,KLWS,LWS,Lewiston Nez Perce County Airport,Lewiston (ID),US
26B277,KMLS,MLS,Miles City  Airport,Miles City (MT),US
278565,KOAK,OAK,Metropolitan Oakland International Airport,Oakland (CA),US
278579,KOAK,OAK,Metropolitan Oakland International Airport,Oakland (CA),US
27BA85,KONT,ONT,La/Ontario International Airport,Ontario/San Bernardino (CA),US
282305,KPHX,PHX,Sky Harbor International Airport,Phoenix (AZ),US
291097,KRDD,RDD,Redding Municipal Airport,Redding (CA),US
292597,KRIL,RIL,Garfield County Airport,Rifle (CO),US
298685,KSAT,SAT,San Antonio International Airport,San Antonio (TX),US
29A865,KSJC,SJC,San Jose International Airport,San Jose (CA),US
29B5D7,KSMN,SMN,Salmon  Airport,Salmon (ID),US
2B30B8,KVLE,VLE,Valle airport (40G),Valle (AZ),US
294EE5,KRSW,RSW,Southwest Florida International  Airport,Ft  Myers (FL),US
2A3105,KTLH,TLH,Tallahassee Municipal Airport,Tallahassee (FL),US
218A57,YSCB,CBR,Canberra Airport,Canberra,AU
251965,KJFK,JFK,Kennedy International Airport,New York (NY),US
261C25,KLGA,LGA,La Guardia Airport,New York (NY),US
215D25,KBWI,BWI,Baltimore/Washington International Thurgood Marsh,Baltimore (MD),US
220C25,KDCA,DCA,Washington National Airport,Washington (DC),US
293C25,KROA,ROA,Roanoke Municipal Airport,Roanoke (VA),US
293C37,KROA,ROA,Roanoke Municipal Airport,Roanoke (VA),US
21B0B8,KCLE,CLE,Hopkins International Airport,Cleveland (OH),US
299425,KSEA,SEA,Seattle/Tacoma International Airport,Seattle (WA),US
2394F7,KGEG,GEG,Spokane International Airport,Spokane (WA),US
2911B7,KRDM,RDM,Roberts Field Airport,Bend/Redmond (OR),US
263697,KLMT,LMT,Kingsley Field Airport,Klamath Falls (OR),US
2139F7,KBNO,BNO,Burns Municipal Airport,Burns (OR),US
281877,KPFC,PFC,Pacific City State Airport,Pacific City (OR),US
260665,KLAS,LAS,Mc Carran International Airport,Las Vegas (NV),US
2BB477,KWMC,WMC,Winnemucca  Airport,Winnemucca (NV),US
215337,KBTY,BTY,Beatty  Airport,Beatty (NV),US
2A4117,KTPH,TPH,Airport,Tonopah (NV),US
22B337,KELY,ELY,Ely /Yelland Field/ Airport,Ely (NV),US
22ADF7,KEKO,EKO,Elko Municipal Airport,Elko (NV),US
278545,KOAJ,OAJ,Albert J Ellis Airport,Jacksonville/Camp Lejeune (NC),US
278557,KOAJ,OAJ,Albert J Ellis Airport,Jacksonville/Camp Lejeune (NC),US
10298A,KACT,ACT,Waco Municipal Airport,Waco (TX),US
10397A,KGRK,GRK,Robert Gray Army Air Field Airport,Killeen (TX),US
2608C5,KLBF,LBF,Lee Bird Field Airport,North Platte (NE),US
268D65,KMCK,MCK,Mc Cook Municipal Airport,Mccook (NE),US
279305,KODX,ODX,Evelyn Sharp Field Airport,Ord (NE),US
20A437,KAIA,AIA,Alliance Municipal Airport,Alliance (NE),US
208A25,KABQ,ABQ,Albuquerque International Airport,Albuquerque (NM),US
2335D7,KFMN,FMN,Farmington Municipal Airport,Farmington (NM),US
29D877,KSVC,SVC,Silver City Grant County Airport,Silver City/Hurley (NM),US
26CF25,KMSY,MSY,Louis Armstrong International Airport,New Orleans (LA),US
209717,KAEX,AEX,Alexandria International Airport,Alexandria (LA),US
27AC65,KOKC,OKC,Will Rogers World Airport,Oklahoma City (OK),US
2A5585,KTUL,TUL,Tulsa International Airport,Tulsa (OK),US
2152C5,KBTV,BTV,Burlington International Airport,Burlington (VT),US
21C257,KCPR,CPR,Natrona County International Airport,Casper (WY),US
21C258,KCPR,CPR,Natrona County International Airport,Casper (WY),US
1016EA,MYEF,GGT,Exuma International Airport,George Town,BS
1022BA,KICR,,Winner Regional Airport,Winner (SD),US
1026DA,KGRI,GRI,Grand Island Air Park Airport,Grand Island (NE),US
1029DA,KTYR,TYR,Pounds Field Airport,Tyler (TX),US
102C2A,KTKI,TKI,Tokeen  Airport,Tokeen (AK),US
10423A,KDIK,DIK,Dickinson Municipal Airport,Dickinson (ND),US
10449A,KPIR,PIR,Pierre Municipal Airport,Pierre (SD),US
10490A,KBPT,BPT,Jefferson County Airport,Beaumont/Port Arthur (TX),US
239E97,MYEF,GGT,Exuma International Airport,George Town,BS
239E98,MYEF,GGT,Exuma International Airport,George Town,BS
241538,KHEI,HEI,Hettinger Municipal,Hettinger (ND),US
10442A,KLRD,LRD,Laredo International Airport,Laredo (TX),US
